row_idx,ID,ramo,numero_processo,tipo_de_processo,relator,data_julgamento,match_stage,qtd_citacoes_extraidas,citacao_principal,texto_original_resumo
138,139,Apuração de votos e eleições extraordinárias,8780,Ac.,Min. Roberto Rosas,2/23/2024,none,1,"(Ac. nº 8.780/MT, rel. Min. Roberto Rosas)","Vaga – Ordem de votação nominal Atualizado em 23/2/2024. “Agravo regimental. Mandado de segurança. [...] Ausência de direito líquido e certo. Razões divergentes da jurisprudência da Corte. Invocação de resoluções do TSE. Possibilidade. Partidos políticos. Norma do art. 6º, § 1..."
158,159,Apuração de votos e eleições extraordinárias,15012,Res.,Min. Aldir Passarinho,2/1/1989,none,1,"(Res. n ba 15.012, de 1 ba .2.89, rel. Min. Aldir Passarinho.)","“Apuração. Realização pela própria mesa receptora. Eleições suplementares. CE, art. 188. O Tribunal referendou o ato da Presidência autorizando, nas eleições suplementares a serem realizadas no Município de Jandaíra, Estado da Bahia, que a apuração dos votos seja procedida pel..."
171,172,Apuração de votos e eleições extraordinárias,13108,Ac.,Min. Sepúlveda Pertence,11/17/1992,none,1,"(Ac. n 13.108, de 17.11.92, rel. Min. Sepfalveda Pertence.)","“ Voto corrente . Nulidade das cédulas contaminadas pela fraude e não de toda a seção. Se, na apuração de determinada urna, foi possível identificar as cédulas preenchidas segundo o mecanismo fraudulento denominado voto corrente , não é de anular a seção, mas apenas os votos v..."
245,246,Apuração de votos e eleições extraordinárias,8818,Ac.,Min. Sérgio Dutra,6/11/1987,none,1,"recedente: Ac. n.º 8.818). Recurso especial conhecido e provido, para que, retornando os autos a instância a quo, seja julgado o mérito.” ( Ac. n.º 12.018, de 4.6.91, rel. Min","“Violação de urna. Impugnação pelo Ministério Público. Não-acolhimento da preliminar de ilegitimidade de parte. Negativa de vigência ao disposto no art. 165, § 1º, inciso IV, do Código Eleitoral (precedente: Ac. n.º 8.818). Recurso especial conhecido e provido, para que, retor..."
246,247,Apuração de votos e eleições extraordinárias,10830,Ac.,Min. Sidney Sanches,8/10/1989,none,2,"recurso objetivando anulação de pleito majoritário, se indemonstrado interesse e prejuízo, vez que se cuidou de invalidação de eleição proporcional, por omissão, na cédula oficial, da legenda de outro partido. ( Ac. nº 10.830, de 10.8.89, rel. Min","[...] Falta de interesse. Não se conhece de recurso objetivando anulação de pleito majoritário, se indemonstrado interesse e prejuízo, vez que se cuidou de invalidação de eleição proporcional, por omissão, na cédula oficial, da legenda de outro partido. ( Ac. nº 10.830, de 10...."
247,248,Apuração de votos e eleições extraordinárias,10581,Ac.,Min. Octávio Gallotti,4/13/1989,none,2,"recurso objetivando anulação de pleito majoritário, se indemonstrado interesse e prejuízo, vez que se cuidou de invalidação de eleição proporcional, por omissão, na cédula oficial, da legenda de outro partido. ( Ac. nº 10.830, de 10.8.89, rel. Min","[...] Falta de interesse. Não se conhece de recurso objetivando anulação de pleito majoritário, se indemonstrado interesse e prejuízo, vez que se cuidou de invalidação de eleição proporcional, por omissão, na cédula oficial, da legenda de outro partido. ( Ac. nº 10.830, de 10...."
248,249,Apuração de votos e eleições extraordinárias,10513,Ac.,Min. Vilas Boas,3/9/1989,none,1,"recorrer da decisão regional ainda que não tenham concorrido inicialmente, porque poderão participar de sua renovação, se for o caso. [...]” ( Ac. nº 10.513, de 9.3.89, rel. Min","“I – Voto. Identificação. Nulidade de cédula. Ilegitimidade de parte. CE, art. 175, III. Envolvendo a questão a nulidade de todo o pleito (CE, art. 224), tem os partidos políticos legitimidade para recorrer da decisão regional ainda que não tenham concorrido inicialmente, porq..."
249,250,Apuração de votos e eleições extraordinárias,10514,Ac.,Min. Vilas Boas,3/9/1989,none,1,"recorrer da decisão regional ainda que não tenham concorrido inicialmente, porque poderão participar de sua renovação, se for o caso. [...]” ( Ac. nº 10.513, de 9.3.89, rel. Min","“I – Voto. Identificação. Nulidade de cédula. Ilegitimidade de parte. CE, art. 175, III. Envolvendo a questão a nulidade de todo o pleito (CE, art. 224), tem os partidos políticos legitimidade para recorrer da decisão regional ainda que não tenham concorrido inicialmente, porq..."
260,261,Apuração de votos e eleições extraordinárias,12109,Ac.,Min. Vilas Boas,10/10/1991,none,1,"(Ac. n a 12.109, de 10.10.91, rel. Min. Vilas Boas.)","Recurso – Instrução “Cédula eleitoral. Nulidade. Real intenção do eleitor. Reexame ou valoração da prova. [...]” NE: “A instrução do recurso não é da atribuição do recorrente, mas da junta.” (Ac. n a 12.109, de 10.10.91, rel. Min. Vilas Boas.)"
270,271,Apuração de votos e eleições extraordinárias,5651,Ac.,Min. Márcio Ribeiro,3/4/1975,none,1,"(Ac. n a 5.651, de 4.3.75, rel. Min. Márcio Ribeiro.)","“É nula a votação de urna em que se constatou a falta de autenticação das cédulas oficiais em sua totalidade. Decretada de ofício essa nulidade pela junta apuradora sem qualquer impugnação no ato, estava precluso o direito de recorrer (CE, art. 171 e p. único do art. 265). [....."
546,547,Apuração de votos e eleições extraordinárias,5464,Ac.,Min. Barros Barreto,,none,1,"(Ac. nº 5.464, rel. Min. Barros Barreto, BE nº 268/1.309)","“[...] Eleições majoritárias. Nulidade. [...] É firme jurisprudência desta Corte no sentido de que, para a incidência do art. 224, não importa a causa da nulidade dos votos (Ac. nº 5.464, rel. Min. Barros Barreto, BE nº 268/1.309)"
550,551,Apuração de votos e eleições extraordinárias,60154414,RO-El,Min. Carlos Horbach,10/25/2022,none,1,"(AgR-REspE nº 749-18/RS, rel. Min. Dias Toffoli, DJe de 27.5.2014)","Registro sub judice na eleição proporcional Veja no folheto Registro de Candidato o item Cassação, cancelamento ou indeferimento, subitens Efeitos da decisão e Execução da decisão. Liminar para concorrer Atualizado em 10.6.2024. “Eleições 2022. [...] RRC. Deputado federal. Def..."
765,766,Apuração de votos e eleições extraordinárias,13334,Ac.,Min. Torquato Jardim,4/1/1993,none,1,"(Ac. n. 13334 no Ag n. 11421, de 1º/4/93, rel. Min. Torquato Jardim.)","Partido não participante do pleito Atualizado em 15.7.2024. “[...] Representação judicial de partidos políticos não participantes do pleito eleitoral. Ilegitimidade. Agravo regimental conhecido e provido para suspender a determinação da recontagem de votos, e não se conhecer d..."
766,767,Apuração de votos e eleições extraordinárias,11421,Ag,Min. Torquato Jardim,4/1/1993,none,1,"(Ac. n. 13334 no Ag n. 11421, de 1º/4/93, rel. Min. Torquato Jardim.)","Partido não participante do pleito Atualizado em 15.7.2024. “[...] Representação judicial de partidos políticos não participantes do pleito eleitoral. Ilegitimidade. Agravo regimental conhecido e provido para suspender a determinação da recontagem de votos, e não se conhecer d..."
811,812,Apuração de votos e eleições extraordinárias,4722,AgRgAg,Min. Caputo Bastos,10/15/2004,none,1,"(AgRgAg nº 4.722/SP, rel. Min. Caputo Bastos, DJ de 15.10.2004, REspe nº 21.407/SP, rel. Min. Fernando Neves, DJ de 2.4.2004)","“[...] Votação. Aplicação. Art. 224. Ex officio. Impossibilidade. Precedentes. Concessão da ordem. [...] 1. De acordo com a jurisprudência deste Tribunal, ‘mesmo sendo matéria de ordem pública, o art. 224 do Código Eleitoral não pode ser conhecido de ofício’. (AgRgAg nº 4.722/..."
812,813,Apuração de votos e eleições extraordinárias,21407,REspe,Min. Fernando Neves,4/2/2004,none,1,"(AgRgAg nº 4.722/SP, rel. Min. Caputo Bastos, DJ de 15.10.2004, REspe nº 21.407/SP, rel. Min. Fernando Neves, DJ de 2.4.2004)","“[...] Votação. Aplicação. Art. 224. Ex officio. Impossibilidade. Precedentes. Concessão da ordem. [...] 1. De acordo com a jurisprudência deste Tribunal, ‘mesmo sendo matéria de ordem pública, o art. 224 do Código Eleitoral não pode ser conhecido de ofício’. (AgRgAg nº 4.722/..."
822,823,Apuração de votos e eleições extraordinárias,5464,Ac.,Min. Barros Barreto,,none,1,"(Ac. nº 5.464, rel. Min. Barros Barreto, BE nº 268, p. 1.309)","“[...] Eleições majoritárias. Nulidade. [...] É firme jurisprudência desta Corte no sentido de que, para a incidência do art. 224, não importa a causa da nulidade dos votos (Ac. nº 5.464, rel. Min. Barros Barreto, BE nº 268, p. 1.309)"
926,927,Apuração de votos e eleições extraordinárias,21982,MS,Min. Maria Thereza de Assis Moura,6/2/2015,none,1,"(MS nº 219-82/BA, rel. Min. Maria Thereza de Assis Moura, julgado em 2.6.2015)",– Eleição indireta “[...] Mandado de segurança contra ato de TRE. Decisão regional cassou os diplomas dos eleitos antes do início do primeiro biênio. Peculiaridades do caso concreto. Segurança denegada. 1. Conquanto a jurisprudência do TSE tenha decidido que a vacância ‘é situ...
1403,1404,Captação de sufrágio,184744,AgR-RO,Min. Hamilton Carvalhido,12/16/2010,none,1,"(Ac. de 16.12.2010 no AgR-RO nº 184744, rel. Min. Hamilton Carvalhido.)","“[...] 3 - Comprovada, por acórdão transitado em julgado, a prática da violação ao artigo 41-A da Lei nº 9.504/97, há incidência da inelegibilidade prevista no artigo 1º, I, j, da Lei Complementar nº 64/90. [...].” (Ac. de 16.12.2010 no AgR-RO nº 184744, rel. Min. Hamilton Car..."
1478,1479,Captação de sufrágio,69354,AgR-AI,Min. Tarcisio Vieira de Carvalho Neto,3/27/2019,none,1,"(AgR–AI 693–54, rel. Min. Tarcisio Vieira de Carvalho Neto, DJE de 27.3.2019; e AgR–RO 1874–15, rel. Min. Rosa Weber, DJE de 2.8.2018)","“Eleições 2016 [...] Captação ilícita de sufrágio. Procedência. Litisconsórcio passivo necessário. Inexistência [...] 2. A decisão agravada negou seguimento ao agravo em recurso especial pelos seguintes fundamentos [...] b) incidência da Súmula 30 do TSE, tendo em vista que o ..."
1552,1553,Captação de sufrágio,82763,AgR-REspe,Min. Luciana Lóssio,6/9/2015,none,1,"(AgR–REspe nº 827–63/SP, Rel. Min. Luciana Lóssio, j. em 09.06.2015)","; (ii) em decorrência, 'em caso de candidato não eleito, é possível aplicar–se apenas a multa' (AgR–REspe nº 827–63/SP, Rel. Min. Luciana Lóssio, j. em 09.06.2015)"
1582,1583,Captação de sufrágio,2318334,AgRg-AREsp,Min. Reynaldo Soares da Fonseca,4/23/2024,none,1,"(AgRg–RHC no 147.885/SP, rel. Min. Olindo Menezes, Sexta Turma, DJe de 13.12.2021 – STJ)",“Eleições 2020. [...] Ação de investigação judicial eleitoral (AIJE). Abuso de poder econômico e captação ilícita de sufrágio. [...] Nulidade da prova. Espelhamento via WhatsApp Web. Quebra da cadeia de custódia. Rejeição. [...] 3. Não há nulidade da prova ou quebra da cadeia ...
1583,1584,Captação de sufrágio,147885,AgRg-RHC,Min. Olindo Menezes,12/13/2021,none,1,"(AgRg–RHC no 147.885/SP, rel. Min. Olindo Menezes, Sexta Turma, DJe de 13.12.2021 – STJ)",“Eleições 2020. [...] Ação de investigação judicial eleitoral (AIJE). Abuso de poder econômico e captação ilícita de sufrágio. [...] Nulidade da prova. Espelhamento via WhatsApp Web. Quebra da cadeia de custódia. Rejeição. [...] 3. Não há nulidade da prova ou quebra da cadeia ...
1777,1778,Captação de sufrágio,663864,AgRg no REsp,Min. Luiz Fux,9/26/2005,none,1,"(AgRg no REsp 663.864/RJ, Rel. Min. Luiz Fux, DJ de 26.9.2005)","“[...] Eleições 2008 [...] Recurso e embargos de declaração. Não conhecimento. Interposição antes da vigência da Lei nº 12.034/2009. Necessidade. Observância. Prazo. 24 horas. [...] - Até o advento da Lei nº 12.034/2009, o prazo para a interposição dos recursos e embargos de d..."
2388,2389,Condutas vedadas a agentes públicos,44024,AgR-AI,Min. Gilmar Mendes,4/29/2015,none,1,"(AgR-AI 440-24/MG, Rel. Min. Gilmar Mendes, publicado em sessão em 29/4/2015)","“[...] Eleições 2020. Prefeito. Ação de investigação judicial eleitoral (AIJE). Abuso de autoridade (art. 74 da Lei 9.504/97). Conduta vedada a agentes públicos (art. 73, IV, da lei 9.504/97). [...] Abuso de autoridade. Publicidade institucional. Art. 37, § 1º, da CF/88. Doutr..."
3134,3135,Condutas vedadas a agentes públicos,60003236,AgR-REspe,Min. Luís Roberto Barroso,8/13/2020,none,1,"(AgR–REspe nº 0600032–36/AP, Rel. Min. Luís Roberto Barroso, DJe de 13.8.2020)","Eleições 2018 [...] 6. ‘ Nos termos da jurisprudência do Tribunal Superior Eleitoral, a alusão a gestões, com enaltecimento de obras, projetos e feitos de um integrante do partido, não desborda do limite da liberdade de expressão e de informação – podendo caracterizar, inclusi..."
3819,3820,Contas de campanha eleitoral,60035378,AgR–REspEl,Min. Rosa Weber,10/10/2018,none,1,"(AgR–REspEl nº 0600353–78/AM, Rel. Min. Rosa Weber, DJe e 10.10.2018, e AgR–REspel nº 0601016–46/RN, Rel. Min. Luis Felipe Salomão, DJe de 16.10.2020)","“Eleições 2020. [...] Vereador. Desaprovação. Realização de despesas antes da abertura de conta bancária específica. [...] a arrecadação de recursos e realização de gastos anteriores à abertura da conta bancária específica de campanha são irregularidades insanáveis, sujeitas à..."
3820,3821,Contas de campanha eleitoral,60101646,AgR–REspel,Min. Luis Felipe Salomão,10/16/2020,none,1,"(AgR–REspEl nº 0600353–78/AM, Rel. Min. Rosa Weber, DJe e 10.10.2018, e AgR–REspel nº 0601016–46/RN, Rel. Min. Luis Felipe Salomão, DJe de 16.10.2020)","“Eleições 2020. [...] Vereador. Desaprovação. Realização de despesas antes da abertura de conta bancária específica. [...] a arrecadação de recursos e realização de gastos anteriores à abertura da conta bancária específica de campanha são irregularidades insanáveis, sujeitas à..."
4137,4138,Contas de campanha eleitoral,14926,Res na Pet.,Min. Torquato Jardim,12/9/1994,none,1,"receita operacional bruta (pessoas jurídicas) dos doadores listados nas diligências não prejudica o exame da prestação das contas por se referirem a obrigação legal que não se impõe ao candidato ou ao seu comitê financeiro.” (Res na Pet. nº 14926, de 9.12.94, rel. Min","“1. Prestação de contas de receitas e despesas eleitorais (Lei n o 8.713, art. 50 e seguintes) [...] 2. Contas formalmente regulares. 3. Limites para as doações (art. 38, lei cit.). Atendimento incompleto de diligências solicitadas ao ministro da Fazenda. O não-conhecimento do..."
4141,4142,Contas de campanha eleitoral,9781,AgR-AI,Min. Alexandre de Moraes,5/18/2021,none,1,"(AgR–AI 97–81, rel. Min. Alexandre de Moraes, DJE de 18.5.2021; AgR–AI 1–54, rel. Min. Luiz Fux, DJE de 17.4.2018; AgR–AI 2998, rel. Min. Og Fernandes, DJE de 20.5.2020)","“Eleições 2020. [...] Representação. Doação acima do limite legal. Pessoa física. Art. 23, § 1º, I, da Lei 9.504/97. Cálculo do percentual. Parâmetro. Valor do rendimento bruto auferido no ano anterior às eleições. [...] 4. Segundo o entendimento firmado por esta Corte, o parâ..."
4391,4392,Contas de campanha eleitoral,413163,PC,Min. Henrique Neves,9/3/2013,none,5,"recebida do Fundo Partidário pela agremiação no exercício financeiro em análise e com a gravidade das falhas constatadas na prestação de contas [...]” (Ac. de 3.4.2014 no AgR-REspe nº 4237220, rel. Min",“Prestação de contas. Diretório estadual. Exercício financeiro de 2008. Desaprovação. 1. Não há como modificar o entendimento do Tribunal de origem de que a documentação apresentada pelo partido não foi suficiente para sanar as irregularidades identificadas na prestação de con...
4926,4927,Contas de campanha eleitoral,50784,REspe,Min. Tarcísio Vieira de Carvalho Neto,2/2/2018,none,1,"(REspe 507–84, rel. Min. Tarcísio Vieira de Carvalho Neto, DJE de 2.2.2018)",“Eleições 2020 [...] Contas julgadas irregulares. Tribunal de contas. Convênios. Verbas exclusivamente municipais. Ausência de julgamento pela câmara municipal. Convênio intermunicipal. Competência da corte de contas. Ação de revisão. Decisão anulada. Ausência de requisitos da...
5113,5114,Contas de campanha eleitoral,60110990,AgR–AREspE,Min. Sérgio Banhos,6/2/2022,none,1,"(AgR–AREspE nº 0601109–90/MG, rel. Min. Sérgio Banhos, julgado em 2.6.2022, DJe de 8.6.2022)",“Eleições 2020. Prestação de contas de candidato. Cargo de vereador. Contas desaprovadas com determinação de recolhimento de valores ao tesouro nacional. Agravo em recurso especial interposto após o tríduo legal. Intempestividade. Não conhecido o recurso. 1. Consoante previsto...
5426,5427,Contas de campanha eleitoral,2295377,RO,Min. João Otávio de Noronha,10/28/2014,none,1,"recedentes. 4. As irregularidades constatadas equivaleram a somente 0,19% do total de recursos financeiros utilizados na campanha do recorrido, de modo que a sanção de cassação do diploma revela-se desproporcional [...] (Ac de 28.10. 2014 no RO nº 2295377, rel. Min","[...] Eleições 2010 [...] Representação. Captação e gastos ilícitos de recursos de campanha. Art. 30-A da Lei 9.504/97. Não configuração [...] 1. Consoante a jurisprudência do Tribunal Superior Eleitoral, a Associação da Indústria Farmacêutica de Pesquisas (Interfarma) não se ..."
5535,5536,Crimes eleitorais e Processo Penal Eleitoral,60052735,HC,Min. Luciana Lóssio,4/25/2017,none,1,"(Ac. de 25.4.2017 no HC nº 060052735, rel. Min. Luciana Lóssio.)","“Crime de corrupção eleitoral. Art. 299 do código eleitoral. Ação penal. Réu. Prefeito. Foro por prerrogativa de função. Inquérito policial instaurado por requisição do Ministério Público Eleitoral sem supervisão do TRE. [...] 1. Na espécie, o inquérito policial que apurou eve..."
6131,6132,Crimes eleitorais e Processo Penal Eleitoral,59536,REspe,Min. Gilmar Mendes,2/21/2017,none,1,"(Ac. de 21.2.2017 no REspe nº 59536, rel. Min. Gilmar Mendes.)","“[...] Ação penal. Art. 39, § 5º, da lei nº 9.504/1997. Prescrição da pretensão punitiva. [...] 2. O TRE/SC manteve a condenação do ora embargante, como incurso no art. 39, § 5º, II, da Lei nº 9.504/1997, à pena de 6 (seis) meses de detenção, substituída por prestação de servi..."
6260,6261,Crimes eleitorais e Processo Penal Eleitoral,12841,AgRREspe,Min. Napoleão Nunes Maia Filho,5/22/2018,none,1,"(Ac. de 22.5.2018 no AgRREspe nº 12841, rel. Min. Napoleão Nunes Maia Filho.)",“[...] Candidato ao cargo de deputado estadual e administradora da campanha. Ação penal. Uso de documentos falsos em prestação de contas. Condenação na instância a quo. Continuidade delitiva e aumento de pena dela decorrente afastados nesta corte superior. Pena de 1 ano de rec...
6349,6350,Desincompatibilização e afastamentos,22845,Res.,Min. Eros Grau,6/12/2008,none,1,"(Res. no 22845 na Cta nº 1531, de 12.6.2008, rel. Min. Eros Grau.)","“[...] Servidor público efetivo e detentor de cargo comissionário. Candidatos aos cargos de prefeito, vice-prefeito ou vereador. [...] 3. Não há necessidade de o servidor público efetivo se desincompatibilizar para se candidatar em domicílio diverso da sua atuação funcional. [..."
6350,6351,Desincompatibilização e afastamentos,20601,Res.,Min. Costa Porto,4/18/2000,none,1,"(Res. no 20601 na Cta nº 613, de 18.4.2000, rel. Min. Costa Porto.)","“[...] Prazos para afastamento de funcionários, nas seguintes hipóteses: ‘[...] 2. O segundo refere-se a candidatos que são servidores municipais, mas que serão candidatos em outros municípios, onde uma administração não interfere na outra.’ Não se conheceu da primeira hipótes..."
6351,6352,Desincompatibilização e afastamentos,20590,Res.,Min. Eduardo Alckmin,3/30/2000,none,1,"(Res. no 20590 na Cta nº 606, de 30.3.2000, rel. Min. Eduardo Alckmin.)",“[...] É elegível servidor público efetivo municipal ao cargo de prefeito ou vereador de município integrante da mesma circunscrição. Servidor público federal ou estadual sem atuação no município no qual pretende concorrer à candidatura de prefeito ou vereador não está sujeito...
6355,6356,Desincompatibilização e afastamentos,18249,Res.,Min. José Cândido,6/9/1992,none,1,"(Res. no 18249 na Cta nº 12772, de 9.6.92, rel. Min. José Cândido.)",“[...] Deputado federal. Servidor em cargo de comissão de Prefeitura Municipal. Candidato a vereador em outro município. Necessidade de desincompatibilização. Prazo. O Tribunal firmou entendimento que o funcionário de outro município que não aquele no qual se candidata a verea...
6665,6666,Desincompatibilização e afastamentos,20580,Res.,Min. Edson Vidigal,3/21/2000,none,1,"(Res. n° 20.580, rel. Min. Edson Vidigal, em 21.3.2000)",“[...] Eleições 2006. Registro de candidatura. Indeferimento. Deputado estadual. Interventor. Santa Casa de Misericórdia. Desincompatibilização extemporânea. Negado provimento. O interventor tem poderes de administração e gestão dos serviços médico-hospitalares da instituição ...
6825,6826,Desincompatibilização e afastamentos,14203,Consulta,Min. Torquato Jardim,3/24/1994,none,1,"(Agravo Regimental no Recurso Especial n o 16.813, rel. Min. Garcia Vieira, de 27.11.2001; Consulta n o 14.203, rel. Min. Torquato Jardim, de 24.3.94)",“[...] Presidente. Câmara Municipal. Exercício. Mandato. Prefeito. Seis meses que antecedem o pleito. Reeleição. Pretensão. Candidatura. Cargo. Vereador. Impossibilidade. Inelegibilidade. Caracterização. 1. Conforme já assentado por esta Corte superior (Agravo Regimental no Re...
9004,9005,Filiação Partidária,6001128920206100000,AgR-REspEl,Min. Alexandre de Moraes,4/22/2021,none,1,"(AgR–REspEl nº 0600112–89.2020.6.10.0014/MA, rel. Min. Alexandre de Moraes, julgado em 22.4.2021, DJe de 19.5.2021)","“Eleições 2020 [...] Filiação partidária. Prazo mínimo. Não cumprimento. Restabelecimento dos direitos políticos, por cumprimento da pena imposta em condenação criminal, após a data limite para o cumprimento do tempo mínimo de 6 meses anteriores ao pleito. [...] 4. Em decorrên..."
9310,9311,Filiação Partidária,13402,AgR-REspe,Min. Rosa Weber,12/19/2016,none,1,"(AgR–REspe nº 134–02/CE, rel. Min. Rosa Weber, PSESS de 19.12.2016)","“Eleições 2020 [...] Filiação partidária. Prova. Certidão de composição partidária emitida pela justiça eleitoral. [...]1. Na espécie, o Tribunal a quo, instância exauriente na análise dos fatos e provas, assentou que o candidato comprovou ser filiado ao partido político que p..."
9432,9433,Filiação Partidária,21734,Res.,Min. Francisco Peçanha Martins,4/29/2004,none,1,"(Res. nº 21734 no PA nº 19174, de 29.4.2004, rel. Min. Francisco Peçanha Martins.)",“Filiação partidária. Sistema informatizado. Processamento. Identificação de irregularidades. Movimentação de inscrições em decorrência de desmembramento de zona. Adaptação do sistema para geração automática de relações de filiados no banco de dados da zona eleitoral criada. R...
9447,9448,Filiação Partidária,22099,Res.,Min. Humberto Gomes de Barros,10/6/2005,none,1,"(Res. nº 22099 no PA nº 19493, de 6.10.2005, rel. Min. Humberto Gomes de Barros.)","“Filiação partidária. Entrega de relações de filiados. Cronograma de processamento das informações fornecidas pelos partidos políticos. Prorrogação. […] Suspensas as atualizações cadastrais por efeito do referendo, o início do tratamento das informações encaminhadas pelos part..."
9451,9452,Filiação Partidária,21061,Res.,Min. Sálvio de Figueiredo,4/4/2002,none,1,"(Res. nº 21061 no PA nº 18776, de 4.4.2002, rel. Min. Sálvio de Figueiredo.)","“[…] Entrega de relação de filiados, consoante previsão do art. 19 da Lei nº 9.096/95. Termo final do prazo que recairá em dia não útil. Precedentes. Prazo prorrogado.” (Res. nº 21061 no PA nº 18776, de 4.4.2002, rel. Min. Sálvio de Figueiredo.)"
9453,9454,Filiação Partidária,20874,Res.,Min. Sálvio de Figueiredo,9/25/2001,none,1,"(Res. nº 20874 no PA nº 18713, de 25.9.2001, rel. Min. Sálvio de Figueiredo.)","“[…] Entrega de relação de filiados. Art. 19 da Lei nº 9.096/95. Feriado. Precedente. Prazo. Prorrogado.” (Res. nº 20874 no PA nº 18713, de 25.9.2001, rel. Min. Sálvio de Figueiredo.)"
9454,9455,Filiação Partidária,20793,Res.,Min. Garcia Vieira,4/5/2001,none,1,"(Res. nº 20793 no PA nº 18641, de 5.4.2001, rel. Min. Garcia Vieira.)","“Partido político. Entrega das relações de filiados. Prazo. Prorrogado o prazo de entrega das relações de filiados aos partidos políticos, de que cuidam a Resolução nº 19.989 e o art. 103 da Lei das Eleições, para o dia 16 de abril de 2001, tendo em vista os feriados da Semana..."
9457,9458,Filiação Partidária,19989,Res.,Min. Costa Leite,10/7/1997,none,1,"(Res. nº 19989 na Cta nº 361, de 7.10.97, rel. Min. Costa Leite.)","“[…] A relação de filiados aos partidos políticos, para efeito de registro de candidatura, deverá ser encaminhada à Justiça Eleitoral nos dias 8 a 14 dos meses de abril e outubro, durante expediente normal dos cartórios. [...]” (Res. nº 19989 na Cta nº 361, de 7.10.97, rel. Mi..."
10067,10068,Inelegibilidades e condições de elegibilidade,60013881,REspEl,Min. Antônio Carlos Ferreira,2/13/2025,none,2,"(AgR–REspe nº 70–55/BA, Rel. Min Nancy Andrighi, julgado em 11.12.2012 – grifei)","Titular ou vice em primeiro mandato Atualizado em 9/5/2025 “[...] Eleições 2024. Prefeita. Candidata à reeleição. [...] 3. No caso, é certo que a candidata ora agravada, que concorrera ao cargo de vice–prefeito nas Eleições 2020, assumiu a chefia do Executivo em março de 2021 ..."
11061,11062,Inelegibilidades e condições de elegibilidade,60054653,AgR-RO,Min. Luís Roberto Barroso,11/27/2018,none,1,"(AgR–RO nº 0600546–53, Rel. Min. Luís Roberto Barroso, PSESS de 27.11.2018)","“Eleições 2020.[...] Art. 1º, i, ‘g’, da LC n. 64/90. Contas rejeitadas. Vício de natureza formal. Sanabilidade. Ato doloso de improbidade administrativa. Não configurado. [...] 1. O acórdão regional está em consonância com a jurisprudência desta Corte Superior de que não é qu..."
11098,11099,Inelegibilidades e condições de elegibilidade,0600407–84,RO–El,Min. Carlos Horbach,9/29/2022,none,1,"(REspEl 0600539–93, rel. Min. Mauro Campbell Marques, PSESS em 11.12.2020)","Eleições 2022.[...] Condenação por ato de improbidade não transitada em julgado. Suspensão de direitos políticos. Não configuração. Inelegibilidade. Art. 1º, i, l, da Lei complr 64/90. Ação civil pública. Improbidade administrativa. Art. 11 da Lei 8.429/92. Requisitos. Dolo, d..."
11100,11101,Inelegibilidades e condições de elegibilidade,0600539–93,REspEl,Min. Mauro Campbell Marques,12/11/2020,none,1,"(REspEl 0600539–93, rel. Min. Mauro Campbell Marques, PSESS em 11.12.2020)","Eleições 2022.[...] Condenação por ato de improbidade não transitada em julgado. Suspensão de direitos políticos. Não configuração. Inelegibilidade. Art. 1º, i, l, da Lei complr 64/90. Ação civil pública. Improbidade administrativa. Art. 11 da Lei 8.429/92. Requisitos. Dolo, d..."
12573,12574,Inelegibilidades e condições de elegibilidade,60000124,REspEl,Min. Carlos Horbach,9/13/2022,none,1,"(REspEl 0600001–24/AL, Rel. Min. Carlos Horbach, DJE de 13/9/2022)","“[...] Eleições 2020. Vereador. Ação de investigação judicial eleitoral (AIJE). Fraude. Cota de gênero. Art. 10, § 3º, da Lei 9.504/97. Candidatura fictícia. Provas robustas. Ausência de votos. Prestação de contas zeradas. Inexistência de atos efetivos de campanha. [...] 4. Em..."
12672,12673,Inelegibilidades e condições de elegibilidade,631102,RE,Min. Joaquim Barbosa,6/20/2011,none,1,"(RMS 24.559/PR, Rel. Min. Napoleão Nunes Maia Filho, DJ de 1º/2/2010)","Quorum para julgamento Atualizado em 13/3/2025 ""[...] Eleições 2020 [...] Ação de investigação judicial eleitoral (AIJE). Fraude à cota de gênero. Art. 10, § 3º, da Lei 9.504/97. Julgamento na origem. Nulidade. Ofensa. Art. 28, § 4º, do Código Eleitoral. Presidente. Voto quant..."
12673,12674,Inelegibilidades e condições de elegibilidade,24559,RMS,Min. Napoleão Nunes Maia Filho,2/1/2010,none,1,"(RMS 24.559/PR, Rel. Min. Napoleão Nunes Maia Filho, DJ de 1º/2/2010)","Quorum para julgamento Atualizado em 13/3/2025 ""[...] Eleições 2020 [...] Ação de investigação judicial eleitoral (AIJE). Fraude à cota de gênero. Art. 10, § 3º, da Lei 9.504/97. Julgamento na origem. Nulidade. Ofensa. Art. 28, § 4º, do Código Eleitoral. Presidente. Voto quant..."
12776,12777,Inelegibilidades e condições de elegibilidade,6237,AgRgAg,Min. Gerardo Grossi,5/15/2007,none,1,"(Ac. de 15.5.2007 no AgRgAg nº 6237, rel. Min. Gerardo Grossi.)","“[...] Transitada em julgado a decisão que reconheceu a ilegitimidade do PMDB, para propor ação de investigação judicial eleitoral (AIJE), porque coligado, não há como atender à pretensão da agravante, que defende ser aquela agremiação legítima. [...]” (Ac. de 15.5.2007 no AgR..."
12869,12870,Inelegibilidades e condições de elegibilidade,30370,AgR-REspEl,Min. Edson Fachin,8/19/2021,none,1,"(Ac. de 19.8.2021 no AgR-REspEl nº 30370, rel. Min. Edson Fachin.)","Prova testemunhal Atualizado em 17.11.2022. “Eleições 2016 [...] Ação de investigação judicial eleitoral. Gravação ambiental. Prova considerada lícita pelo tribunal regional. Hodierno entendimento do TSE: licitude, em regra, da gravação ambiental. Ambiente público ou privado. ..."
12894,12895,Inelegibilidades e condições de elegibilidade,6880963,AgR-RO-El,Min. Mauro Campbell Marques,11/10/2020,none,1,"(Ac. de 10.11.2020 no AgR-RO-El nº 06880963, rel. Min. Mauro Campbell Marques.)","“Eleições 2018 [...] Efeito suspensivo ope legis, tão somente em relação ao exercício do mandato. [...] 2. O efeito suspensivo do recurso ordinário eleitoral – nos casos de cassação de registro, afastamento do titular ou perda de mandato eletivo – é ope legis, conforme preceit..."
13293,13294,Mandato eletivo,20575,MS,Min. Aldir Passarinho,11/21/1986,none,1,"(MS nº 20.575-DF, Rel. Min. Aldir Passarinho, DJ de 21.11.86)","“[...] Eleições 2004. Ação de impugnação de mandato eletivo. Prazo decadencial. Termo ad quem. Prorrogação. 1. O c. Supremo Tribunal Federal (MS nº 20.575-DF, Rel. Min. Aldir Passarinho, DJ de 21.11.86)"
13593,13594,Mandato eletivo,60008554,AgR-AI,Min. Carlos Horbach,4/26/2023,none,1,"(AgR–AI 0600085–54, rel. Min. Carlos Horbach, DJE de 26.4.2023)","“[...] Ação de perda de cargo eletivo por desfiliação partidária. [...] Justa causa. Art. 22–A, parágrafo único, I, da Lei 9.096/95. [...] Anuência do partido. Não comprovação. [...] este Tribunal, em julgamento recente, manifestou a compreensão de que, ‘consignado, pela instâ..."
13946,13947,Matéria Administrativa,22512,Res.,Min. José Delgado,2/15/2007,none,1,"(Res. nº 22512 na Rp nº 753, de 15.2.2007, rel. Min. José Delgado.)","“[...] Auxílio-alimentação. Procedência. 1. Ao servidor estadual e municipal requisitado para prestar serviços eleitorais, que não exerça cargo comissionado, não é garantido o direito ao pagamento do auxílio-alimentação. 2. Precedentes [...] 4. Cassação da decisão administrati..."
14022,14023,Matéria Administrativa,21319,RMS,Min. Henrique Neves da Silva,6/19/2013,none,1,"(RMS 213                                                                                              , rel. Min. Henrique Neves da Silva, DJE de 19.6.2013)",Remoção Atualizado em 19.7.2023. A Resolução vigente a respeito deste tema é a Res.-TSE nº 23.563/2018. “[...] Servidor da justiça federal. Remo                                                                           para acompanhamento de c                                  ...
14082,14083,Matéria Administrativa,22913,Res.,Min. Ari Pargendler,,none,1,"(Res. nº 22913 no PA nº 50276, rel. Min. Ari Pargendler.)","“Quintos. Incorporação aos vencimentos. Sentença judicial com trânsito em julgado. Diferenças de gratificação e de horas extraordinárias. Servidor que percebeu gratificação e horas extraordinárias, calculadas à base de vencimentos que não incorporavam ‘quintos’ a que já fazia ..."
14944,14945,Matéria processual,22747,Res.,Min. Cezar Peluso,3/27/2008,none,0,,NE:
14946,14947,Matéria processual,22743,Res.,Min. Cezar Peluso,3/18/2008,none,0,,“Consulta. [...] Fidelidade partidária. Partidos e coligações. Direito de preservar a vaga obtida pelo sistema eleitoral proporcional. Supremacia individual de cada partido. [...]” NE:
14985,14986,Matéria processual,22075,Res.,Min. Gilmar Mendes,9/6/2005,none,0,,“Consulta. Matéria não eleitoral. Não-conhecimento”.
15057,15058,Matéria processual,23120,Res.,Min. Marcelo Ribeiro,8/25/2009,none,1,"receber o pedido como a retratar questão administrativa.” (Decisão sem número na Cta nº 1746, de 16.6.2010, rel. Min","“Consulta - Ilegitimidade do consulente. Dirigente de empresa pública não tem legitimidade para veicular consulta ao Tribunal Superior Eleitoral, descabendo receber o pedido como a retratar questão administrativa.” (Decisão sem número na Cta nº 1746, de 16.6.2010, rel. Min. Ma..."
15060,15061,Matéria processual,22828,Res.,Min. Marcelo Ribeiro,6/5/2008,none,0,,NE:
15480,15481,Matéria processual,10377,EDclCta,Min. Miguel Ferrante,10/5/1989,none,1,"embargos de declaração contra decisão prolatada em sessão administrativa, originada de consulta de TRE, objetivando reformar o julgado. [...]” (Res. 15191 nos EDclCta nº 9669, de 13.4.89, rel. Min","“[...] Descabimento de embargos de declaração contra decisão prolatada em sessão administrativa, originada de consulta de TRE, objetivando reformar o julgado. [...]” (Res. 15191 nos EDclCta nº 9669, de 13.4.89, rel. Min. Vilas Boas; no mesmo sentido"
16102,16103,Matéria processual,631102,RE,Min. Joaquim Barbosa,6/20/2011,none,1,"(RMS 24.559/PR, Rel. Min. Napoleão Nunes Maia Filho, DJ de 1º/2/2010)","“[...] Eleições 2020. [...] 3. Na origem, o julgamento do recurso eleitoral realizou-se na presença de seis juízes e houve empate na votação (3 x 3), ou seja, três magistrados deram parcial provimento ao apelo para julgar em parte procedentes os pedidos e três outros que manti..."
16103,16104,Matéria processual,24559,RMS,Min. Napoleão Nunes Maia Filho,2/1/2010,none,1,"(RMS 24.559/PR, Rel. Min. Napoleão Nunes Maia Filho, DJ de 1º/2/2010)","“[...] Eleições 2020. [...] 3. Na origem, o julgamento do recurso eleitoral realizou-se na presença de seis juízes e houve empate na votação (3 x 3), ou seja, três magistrados deram parcial provimento ao apelo para julgar em parte procedentes os pedidos e três outros que manti..."
17897,17898,Partido político,93,Pet,Min. Marcelo Ribeiro,8/12/2010,none,1,"(Ac. de 12.8.2010 na Pet nº 93, rel. Min. Marcelo Ribeiro.)","NE: É possível o registro das alterações do programa do partido independentemente das alterações estatutárias. (Ementa não transcrita por não reproduzir a decisão quanto ao tema). (Ac. de 12.8.2010 na Pet nº 93, rel. Min. Marcelo Ribeiro.)"
17918,17919,Partido político,11944,Ac.,Min. Célio Borja,5/9/1991,none,1,"(Ac. n    11943 no Ag n    8961, de 9.5.91, rel. Min. C  lio Borja; no mesmo sentido o  Ac. n    11944 no Ag n    8962, de 9.5.91, rel. Min. C  lio Borja.)","[...] Extinção de partido. Anulação de votos atribuídos aos candidatos filiados ao partido extinto.  - Reiterada jurisprud ncia desta Corte, no sentido de que 'extinto o partido, n o h a que se falar sobre votos a ele destinados, porquanto nula a sigla, nulos os votos'   [...]..."
18205,18206,Partido político,60062137,AgR-REspEl,Min. Raul Araújo,2/8/2024,none,1,"(Ac. de 8.2.2024 no AgR-REspEl nº 060062137, rel. Min. Raul Araújo.)",“Eleições 2020. [...] Prestação de contas. Diretório municipal de partido político. Contas desaprovadas na origem. [...] Ausência de abertura de conta bancária. Irregularidade grave. Inaplicabilidade dos princípios da razoabilidade e da proporcionalidade. [...] a decisão do TR...
18394,18395,Partido político,60164252,PCE,Min. Raul Araújo,11/14/2024,none,1,"(Ac. de 14/11/2024 na PCE n. 060164252, rel. Min. Raul Araújo, red. designada Min. Isabel Gallotti.)","“Eleições 2020. Prestação de contas. Diretório Nacional. [...] 4.3. Esta Corte Superior entende que ‘é de responsabilidade do Partido a devida escrituração contábil, mediante trânsito de recursos em conta específica, a fim de possibilitar à Justiça Eleitoral o controle efetivo..."
18575,18576,Partido político,199909,AgR-REspe,Min. Gilmar Mendes,5/11/2016,none,1,"(AgR-REspe 1999-09, rel. Min. Gilmar Mendes, DJE de 11.5.2016)",“Prestação de contas. Eleições 2011. Partido da causa operária (pco). Desaprovação.1. Foram constatadas falhas graves na gestão dos recursos do Fundo Partidário - exemplificativamente: i) ausência de documentos fiscais; ii) pagamento de despesas de terceiros sem a comprovação ...
18602,18603,Partido político,4236358,AgR-REspe,Min. Dias Toffoli,5/27/2014,none,1,"(AgR-REspe nº 4236358/SP, Rel. Min. Dias Toffoli, DJe de 27.5.2014)","“[...]. Prestação de contas. Exercício financeiro 2010. Desaprovação. [...]. Desprovimento. 1. ‘O recurso cabível contra acórdão de TRE em prestação de contas é o recurso especial, porquanto ausente hipótese de cabimento do recurso ordinário de que trata o art. 121, § 4º, III ..."
18661,18662,Partido político,199909,AgR-REspe,Min. Gilmar Mendes,5/11/2016,none,1,"(AgR-REspe 1999-09, rel. Min. Gilmar Mendes, DJE de 11.5.2016)","Tomada de Contas Especial Atualizado em 22.11.2023. “Contas. Eleições 2011. Partido da causa operária (PCO). Desaprovação [...] 2. O partido político deve manter atenção em relação a toda documentação que envolve a utilização de recursos públicos, tal atenção deve ser redobrad..."
19670,19671,Propaganda eleitoral,60034703,AgR-REspEl,Min. Mauro Campbell Marques,8/26/2022,none,1,"(AgR–REspEl 0600347–03/SE, Rel. Min. Mauro Campbell Marques, DJE de 26/8/2022)",“[...] Eleições 2020. Representação. Propaganda eleitoral extemporânea. Arts. 36 e 36–A da Lei 9.504/97. Música. Pré–candidato. Reeleição. Carro de som. Rede social. ‘palavras mágicas’. Configuração. Prévio conhecimento. Súmula 24/TSE [...] 2. Nos termos da jurisprudência dest...
20382,20383,Propaganda eleitoral,60332060,AgR–AREspe,Min. Raul Araújo,5/18/2023,none,1,"(AgR–AREspe 0603320–60/PE, Rel. Min. Raul Araújo, DJE de 18/5/2023)","“[...] Eleições 2022. Governador e vice. Coligação. Representação. Propaganda eleitoral irregular. Arts. 39, § 8º, da Lei 9.504/97 e 14 e 26 da Res.–TSE 23.610/2019. Placas afixadas no comitê de campanha. Efeito visual de outdoor. Multa. [...] 6. Quanto ao pedido de que o paga..."
22014,22015,Propaganda eleitoral,38148,AgR-AI,Min. Gilmar Mendes,10/17/2014,none,1,"(AgR–AI 381–48, rel. Min. Gilmar Mendes, DJE de 17.10.2014)","“Eleições 2020 [...] Representação. Propaganda eleitoral antecipada.. Intempestividade [...] Nos termos do § 6º do art. 27 da Res.–TSE 23.608 – dispõe sobre representações, reclamações e pedidos de direito de resposta previstos na Lei 9.504/1997 –, da decisão do relator que ap..."
22126,22127,Propaganda eleitoral,38148,AgR-AI,Min. Gilmar Mendes,10/17/2014,none,1,"(AgR–AI 381–48, rel. Min. Gilmar Mendes, DJE de 17.10.2014)","“[...] Representação. Propaganda eleitoral antecipada.. Intempestividade [...] Nos termos do § 6º do art. 27 da Res.–TSE 23.608 – dispõe sobre representações, reclamações e pedidos de direito de resposta previstos na Lei 9.504/1997 –, da decisão do relator que aprecia recurso ..."
22364,22365,Registro de candidato,60154414,RO-El,Min. Carlos Horbach,10/25/2022,none,1,"(AgR-REspE nº 749-18/RS, rel. Min. Dias Toffoli, DJe de 27.5.2014)","“Eleições 2022. [...] RRC. Deputado federal. Deferido liminarmente na instância ordinária. Afastamento da causa de inelegibilidade do art. 1º, I, l, da LC nº 64/1990. Registro deferido na data da eleição. Validade dos votos. Destinação ao partido pelo qual concorreu. Art. 175,..."
23426,23427,Registro de candidato,60065194,AgR-AREspE,Min. Alexandre de Moraes,6/30/2022,none,1,"(REspEl n. 0600001-24, rel. Min. Carlos Horbach, DJE de 13.9.2022)","“Eleições 2020. [...] Ação de investigação judicial eleitoral. Fraude à cota de gênero. Art. 10, § 3º, da Lei n. 9.504/97. Candidaturas fictícias. Caracterização. [...] Jurisprudência do TSE e do STF 6. A partir do leading case de Jacobina/BA (AgR-AREspE n. 0600651-94, red. pa..."
23427,23428,Registro de candidato,60000124,REspEl,Min. Carlos Horbach,9/13/2022,none,1,"(REspEl n. 0600001-24, rel. Min. Carlos Horbach, DJE de 13.9.2022)","“Eleições 2020. [...] Ação de investigação judicial eleitoral. Fraude à cota de gênero. Art. 10, § 3º, da Lei n. 9.504/97. Candidaturas fictícias. Caracterização. [...] Jurisprudência do TSE e do STF 6. A partir do leading case de Jacobina/BA (AgR-AREspE n. 0600651-94, red. pa..."
23433,23434,Registro de candidato,60065194,AgR-AREspE,Min. Alexandre de Moraes,6/30/2022,none,1,"recente da ADI 6.338/DF, rel. Min","“Eleições 2020. [...] Ação de investigação judicial eleitoral. Fraude à cota de gênero. Art. 10, § 3º, da Lei 9.504/97. Candidaturas fictícias. Caracterização. [...] Jurisprudência do TSE e do STF 4. A partir do leading case de Jacobina/BA (AgR-AREspE 0600651-94, red. para o a..."
23434,23435,Registro de candidato,6338,ADI,Min. Rosa Weber,4/4/2023,none,1,"recente da ADI 6.338/DF, rel. Min","“Eleições 2020. [...] Ação de investigação judicial eleitoral. Fraude à cota de gênero. Art. 10, § 3º, da Lei 9.504/97. Candidaturas fictícias. Caracterização. [...] Jurisprudência do TSE e do STF 4. A partir do leading case de Jacobina/BA (AgR-AREspE 0600651-94, red. para o a..."
23445,23446,Registro de candidato,60065194,AgR-AREspE,Min. Alexandre de Moraes,6/30/2022,none,1,"(REspEl 0600001- 24, rel. Min. Carlos Horbach, julgado em 18.8.2022)","“Eleições 2020. [...] Ação de impugnação de mandato eletivo. Fraude à cota de gênero. Art. 10, § 3º, da Lei 9.504/97. Candidatura fictícia. Caracterização. [...] 5. A partir do leading case de Jacobina/BA (AgR-AREspE 0600651-94, red. para o acórdão Min. Alexandre de Moraes, DJ..."
23446,23447,Registro de candidato,60000124,REspEl,Min. Carlos Horbach,8/18/2022,none,1,"(REspEl 0600001- 24, rel. Min. Carlos Horbach, julgado em 18.8.2022)","“Eleições 2020. [...] Ação de impugnação de mandato eletivo. Fraude à cota de gênero. Art. 10, § 3º, da Lei 9.504/97. Candidatura fictícia. Caracterização. [...] 5. A partir do leading case de Jacobina/BA (AgR-AREspE 0600651-94, red. para o acórdão Min. Alexandre de Moraes, DJ..."
23713,23714,Registro de candidato,3362,AgR-REspe,Min. Napoleão Nunes Maia Filho,3/29/2017,none,1,"(AgR-REspe nº 33-62/SP, Rel. Min. Napoleão Nunes Maia Filho, DJe de 29.3.2017)",Prova Generalidades Atualizado em 25.1.2023. “Eleições 2018 [...] Registro de candidatura. Deputado estadual. Inscrição eleitoral cancelada. Revisão do eleitorado. Não comparecimento. Alegações finais. Caráter facultativo. Produção de provas. Negativa. Regular trâmite processu...
23834,23835,Registro de candidato,3362,AgR-REspe,Min. Napoleão Nunes Maia Filho,3/29/2017,none,1,"(AgR-REspe nº 33-62/SP, Rel. Min. Napoleão Nunes Maia Filho, DJe de 29.3.2017)",Oportunidade para produção da prova Atualizado em 25.1.2023. “Eleições 2018 [...] Registro de candidatura. Deputado estadual. Inscrição eleitoral cancelada. Revisão do eleitorado. Não comparecimento. Alegações finais. Caráter facultativo. Produção de provas. Negativa. Regular ...
24512,24513,Registro de candidato,0607014–27,REspe,Min. Sérgio Silveira Banhos,2/12/2020,none,1,"(REspe 0607014–27/SP, Rel. Min. Sérgio Silveira Banhos, DJE de 12.2.2020)","“Eleições 2020 [...] Ação de investigação judicial eleitoral. Abuso de poder mediante fraude à cota de gênero. Art. 10, § 3º, da Lei 9.504/97. Lançamento. Candidaturas femininas fictícias. Eleição proporcional. Vereador. Acórdão regional. Cassação. Chapa proporcional. Diploma...."
24513,24514,Registro de candidato,60550556,AgR-AI,Min. Tarcisio Vieira de Carvalho Neto,6/15/2020,none,1,"(AgR–AI 0605505–56, rel. Min. Tarcisio Vieira de Carvalho Neto, DJE de 15.6.2020)","(Súmula nº 30/TSE)’ (AgR–AI 0605505–56, rel. Min. Tarcisio Vieira de Carvalho Neto, DJE de 15.6.2020)"
24813,24814,Enfrentamento à desinformação eleitoral,60124959,Rp,Min. Cármen Lúcia,1/17/2024,none,0,,“Eleições 2022. Representação. Candidato ao cargo de presidente da República. Decisão de extin ção sem resolu ção de m rito. Pretens ão de remo ção de publica ção veiculada no Twitter. Alegação de veiculação de fatos manifestamente inver dicos. Aplica ção da multa prevista no ...
24818,24819,Enfrentamento à desinformação eleitoral,60135351,Rec-Rp,Min. Cármen Lúcia,10/1/2023,none,1,"reconsidero a decisão de ID 158377399 para determinar o processamento da representação [...]”. (Decisão monocrática de 1º.10.2023 no Rec-Rp nº 060135351, rel. Min","“[...] Recurso Eleitoral. Eleições 2022. Representação. Candidato ao cargo de Presidente da República. Decisão de extinção sem resolução de mérito. Pretensão de remoção de publicação veiculada no Facebook, TikTok e Twitter. Alegação de veiculação de fatos manifestamente inverí..."
24841,24842,Enfrentamento à desinformação eleitoral,60001643,AgR-REspe,Min. Luis Felipe Salomão,,none,1,"(AgR–REspe 0600016–43, Rel. Min. LUIS FELIPE SALOMÃO)","“[...] A Constituição protege a liberdade de expressão no seu duplo aspecto: o positivo, que é exatamente ""o cidadão pode se manifestar como bem entender"", e o negativo, que proíbe a ilegítima intervenção do Estado, por meio de censura prévia. A liberdade de expressão, em seu ..."
24842,24843,Enfrentamento à desinformação eleitoral,60167656,Rp,Min. Alexandre de Moraes,10/24/2022,none,1,"(AgR–REspe 0600016–43, Rel. Min. Luis Felipe Salomão)",". Ante o exposto, defiro a liminar, em virtude da afirmação de apoio do candidato aos atos criminosos ser fato sabidamente inverídico e de narrativa manipulada, e determino que: i) as Plataformas digitais [...], bem como o Representado, removam imediatamente o conteúdo objeto ..."
24843,24844,Enfrentamento à desinformação eleitoral,60152153,Rp,Min. Alexandre de Moraes,10/16/2022,none,1,"(AgR–REspe 0600016–43, Rel. Min. Luis Felipe Salomão)",". Ante o exposto, defiro a liminar, em virtude da afirmação de apoio do candidato aos atos criminosos ser fato sabidamente inverídico e de narrativa manipulada, e determino que: i) as Plataformas digitais [...], bem como o Representado, removam imediatamente o conteúdo objeto ..."
24844,24845,Enfrentamento à desinformação eleitoral,60164706,Rp,Min. Alexandre de Moraes,10/23/2022,none,1,"(AgR–REspe 0600016–43, Rel. Min. Luis Felipe Salomão)",". Ante o exposto, defiro a liminar, em virtude da afirmação de apoio do candidato aos atos criminosos ser fato sabidamente inverídico e de narrativa manipulada, e determino que: i) as Plataformas digitais [...], bem como o Representado, removam imediatamente o conteúdo objeto ..."
24846,24847,Enfrentamento à desinformação eleitoral,0600016–43,AgR–REspe,Min. Luis Felipe Salomão,,none,1,"(AgR–REspe 0600016–43, Rel. Min. Luis Felipe Salomão)",". Ante o exposto, defiro a liminar, em virtude da afirmação de apoio do candidato aos atos criminosos ser fato sabidamente inverídico e de narrativa manipulada, e determino que: i) as Plataformas digitais [...], bem como o Representado, removam imediatamente o conteúdo objeto ..."
24857,24858,Enfrentamento à desinformação eleitoral,60141591,Rp,Min. Paulo de Tarso Sanseverino,10/19/2022,none,1,"agram, Twitter, Gettr para a imediata exclusão do conteúdo tratado nessa decisão nas URLs listadas [...]."" (Decisão monocrática de 19.10.2022 na Rp nº 060141591, rel. Min","“Trata–se de representação, com pedido de liminar, ajuizada pela Coligação Brasil da Esperança em desfavor de Eduardo Nantes Bolsonaro e outros, haja vista a publicação em diversos perfis de redes sociais conteúdos manifestamente inverídicos em que se propaga a desinformação d..."
24858,24859,Enfrentamento à desinformação eleitoral,60079494,Rp,Min. Cármen Lúcia,10/17/2022,none,1,"agram, Twitter, Gettr para a imediata exclusão do conteúdo tratado nessa decisão nas URLs listadas [...]."" (Decisão monocrática de 19.10.2022 na Rp nº 060141591, rel. Min","“Trata–se de representação, com pedido de liminar, ajuizada pela Coligação Brasil da Esperança em desfavor de Eduardo Nantes Bolsonaro e outros, haja vista a publicação em diversos perfis de redes sociais conteúdos manifestamente inverídicos em que se propaga a desinformação d..."
24859,24860,Enfrentamento à desinformação eleitoral,60149810,Rp,Min. Paulo de Tarso Vieira Sanseverino,10/16/2022,none,0,,"“Trata–se de representação, com pedido de tutela provisória de urgência, ajuizada pela Coligação Brasil da Esperança em desfavor do responsável pela página ‘Movimento do Povo Brasileiro’ no Facebook e outros, por suposta divulgação de desinformação na Internet em prejuízo à ho..."
24860,24861,Enfrentamento à desinformação eleitoral,60146957,Rp,Min. Paulo de Tarso Vieira Sanseverino,10/15/2022,none,0,,"“Trata–se de representação, com pedido de tutela provisória de urgência, ajuizada pela Coligação Brasil da Esperança em desfavor do responsável pela página ‘Movimento do Povo Brasileiro’ no Facebook e outros, por suposta divulgação de desinformação na Internet em prejuízo à ho..."
24878,24879,Enfrentamento à desinformação eleitoral,60103568,DRs,,,none,1,"(AgR–REspEl nº 0600045–34/SE, rel. Min. Edson Fachin, DJe de 4.3.2022)","“[...] Na perspectiva da suposta veiculação de informação sabidamente inverídica e ofensiva, tem–se que, de acordo com o art. 9º–A da Res.–TSE nº 23.610/2019, é vedada a divulgação ou compartilhamento de fatos sabidamente inverídicos ou gravemente descontextualizados que atinj..."
24879,24880,Enfrentamento à desinformação eleitoral,60090663,DRs,,,none,1,"(AgR–REspEl nº 0600045–34/SE, rel. Min. Edson Fachin, DJe de 4.3.2022)","“[...] Na perspectiva da suposta veiculação de informação sabidamente inverídica e ofensiva, tem–se que, de acordo com o art. 9º–A da Res.–TSE nº 23.610/2019, é vedada a divulgação ou compartilhamento de fatos sabidamente inverídicos ou gravemente descontextualizados que atinj..."
24880,24881,Enfrentamento à desinformação eleitoral,60092217,DRs,,,none,1,"(AgR–REspEl nº 0600045–34/SE, rel. Min. Edson Fachin, DJe de 4.3.2022)","“[...] Na perspectiva da suposta veiculação de informação sabidamente inverídica e ofensiva, tem–se que, de acordo com o art. 9º–A da Res.–TSE nº 23.610/2019, é vedada a divulgação ou compartilhamento de fatos sabidamente inverídicos ou gravemente descontextualizados que atinj..."
24882,24883,Enfrentamento à desinformação eleitoral,60151318,Rp,Min. Carlos Horbach,10/5/2018,none,1,"(AgR–REspEl nº 0600045–34/SE, rel. Min. Edson Fachin, DJe de 4.3.2022)","“[...] Na perspectiva da suposta veiculação de informação sabidamente inverídica e ofensiva, tem–se que, de acordo com o art. 9º–A da Res.–TSE nº 23.610/2019, é vedada a divulgação ou compartilhamento de fatos sabidamente inverídicos ou gravemente descontextualizados que atinj..."
25166,25167,Temas diversos,60436464,LT,Min. Rosa Weber,6/5/2018,none,1,"(Ac. de 25.3.2021 na LT nº 060003771, rel. Luis Felipe Salomão.)","“[...] Juiz substituto. Classe dos advogados. Devolução do processo para o tribunal regional a fim de substituição do terceiro indicado. 1. Nos termos do art. 120, § 1º, III, da Constituição e art. 25, III, do Código Eleitoral, a investidura no cargo de membro de Tribunal Regi..."
25381,25382,Temas diversos,21600,Res.,Min. Fernando Neves,12/16/2003,none,1,"recho do voto do relator: “[...] a Justiça Eleitoral não está apta a desenvolver esse sistema [...]; possibilidade da contratação do serviço.” (Res nº 21600 no PA nº 19025, de 16.12.2003, rel. Min",“Processo administrativo. Orientação sobre a manutenção do atual sistema de criptografia dos dados extraídos de urnas eletrônicas e gravados em disquete para encaminhamento às juntas eleitorais. [...]” NE: Trecho do voto do relator: “[...] a Justiça Eleitoral não está apta a d...
