page_id,numero_processo,informativo,classe_before,classe_after,subramo_before,subramo_after,updated_properties,error,page_url
30d72195-5c64-8105-af37-fbf7559e8169,1004563-10.2019.4.01.4100,707,,ReeNecCrim,"Direito Penal Substantivo, Processo Penal",,classe,"http_400: {""object"":""error"",""status"":400,""code"":""validation_error"",""message"":""Your database schema has exceeded the maximum size."",""request_id"":""0c9f8e78-147f-40c8-87c0-e6c20b99fd9f""}",https://www.notion.so/Inaplicabilidade-do-habeas-corpus-para-desbloqueio-levantamento-de-arresto-sequestro-ou-hipoteca-l-30d721955c648105af37fbf7559e8169
30d72195-5c64-8105-b0af-dfad5cc7b254,0044733-32.2013.4.01.0000,767,,EDCiv,Processo Civil,"Honorários Advocatícios, Cumprimento de Sentença","classe, subramo_do_direito","http_400: {""object"":""error"",""status"":400,""code"":""validation_error"",""message"":""Your database schema has exceeded the maximum size."",""request_id"":""83543c3e-5562-4e42-bb9c-40dc3b4b43e3""}",https://www.notion.so/Aplica-o-dos-3-e-4-do-art-85-do-CPC-para-arbitramento-de-honor-rios-advocat-cios-na-a-o-resc-30d721955c648105b0afdfad5cc7b254
30d72195-5c64-8105-b3a6-d2cf05205302,1043083-86.2021.4.01.3900,694,,ReeNecCrim,"Direito Administrativo Disciplinar, Direito Constitucional",,classe,"http_400: {""object"":""error"",""status"":400,""code"":""validation_error"",""message"":""Your database schema has exceeded the maximum size."",""request_id"":""cad02997-9d03-42d6-9ba5-2a07c7c222ca""}",https://www.notion.so/Recepcionabilidade-do-art-46-1-do-Regulamento-Disciplinar-da-Marinha-e-ilegalidade-de-exig-ncia--30d721955c648105b3a6d2cf05205302
30d72195-5c64-8108-b6fc-dd3238858161,1037622-91.2024.4.01.0000,733,,PBACrim,"Direito Administrativo, Direito Penal",,classe,"http_400: {""object"":""error"",""status"":400,""code"":""validation_error"",""message"":""Your database schema has exceeded the maximum size."",""request_id"":""43c6e576-f9f8-48b9-b7bb-93482ce4d75c""}",https://www.notion.so/Efeito-de-medida-cautelar-de-proibi-o-de-contratar-com-o-poder-p-blico-municipal-sobre-administra--30d721955c648108b6fcdd3238858161
30d72195-5c64-8109-85a2-c32b7c13cd1d,1033818-23.2021.4.01.0000,629,,RvCr,Processo Penal,"Direito Processual Penal, Competência","classe, subramo_do_direito","http_400: {""object"":""error"",""status"":400,""code"":""validation_error"",""message"":""Your database schema has exceeded the maximum size."",""request_id"":""3044e5e8-21a0-4d49-b67e-8dbd23b53d12""}",https://www.notion.so/Compet-ncia-dos-Tribunais-Regionais-Federais-para-processar-e-julgar-revis-o-criminal-de-senten-a-pe-30d721955c64810985a2c32b7c13cd1d
30d72195-5c64-810b-afe4-f30a3575902d,1004708-23.2019.4.01.3500,706,,IncImpCiv,"Competência, Tutela Jurisdicional",,classe,"http_400: {""object"":""error"",""status"":400,""code"":""validation_error"",""message"":""Your database schema has exceeded the maximum size."",""request_id"":""30ed1b76-519d-4570-a05a-36099fd022e0""}",https://www.notion.so/Impedimento-judicial-por-v-nculo-anterior-de-magistrado-com-institui-o-de-ensino-r-controv-rsia-s-30d721955c64810bafe4f30a3575902d
30d72195-5c64-810c-85e1-c05093e563ab,1007557-94.2022.4.01.4200,717,,AgExp,"Direito Penal Econômico, Execução Penal",,classe,"http_400: {""object"":""error"",""status"":400,""code"":""validation_error"",""message"":""Your database schema has exceeded the maximum size."",""request_id"":""f3796919-d5c5-4c28-a87c-fa24baa82823""}",https://www.notion.so/Extin-o-da-punibilidade-da-pena-corporal-diante-de-multa-pendente-quando-n-o-h-prova-da-possibilid-30d721955c64810c85e1c05093e563ab
30d72195-5c64-8115-8d72-e4ec492deba8,1030206-77.2021.4.01.0000,658,,EDHC,"Direito Constitucional, Processo Penal",,classe,"http_400: {""object"":""error"",""status"":400,""code"":""validation_error"",""message"":""Your database schema has exceeded the maximum size."",""request_id"":""a203b5f5-55fa-4f8e-80e6-e9a5d1920815""}",https://www.notion.so/Desist-ncia-de-habeas-corpus-ap-s-julgamento-colegiado-e-impossibilidade-de-homologa-o-por-configur-30d721955c6481158d72e4ec492deba8
30d72195-5c64-8116-a1ff-d14b2901ae83,1017947-11.2025.4.01.0000,760,,AgIntCrim,Processo Penal,"Processo Penal, Direito Penal Comum","classe, subramo_do_direito","http_400: {""object"":""error"",""status"":400,""code"":""validation_error"",""message"":""Your database schema has exceeded the maximum size."",""request_id"":""e0e322ef-8398-4743-88c1-8b345867c472""}",https://www.notion.so/Perpetua-o-da-compet-ncia-por-prerrogativa-de-fun-o-para-julgamento-de-a-o-penal-ap-s-sa-da-do-ca-30d721955c648116a1ffd14b2901ae83
30d72195-5c64-8124-8203-c92e63199422,1031302-59.2023.4.01.0000,685,,MSCrim,"Direito Penal Comum, Processo Penal",,classe,"http_400: {""object"":""error"",""status"":400,""code"":""validation_error"",""message"":""Your database schema has exceeded the maximum size."",""request_id"":""42a1c087-b75e-4e2f-b5e0-4aefe087494b""}",https://www.notion.so/Incidente-de-sanidade-mental-e-obriga-o-de-quem-requereu-a-per-cia-arcar-com-honor-rios-periciais-m-30d721955c6481248203c92e63199422
30d72195-5c64-8127-9a47-dd1df58e641f,1019592-42.2023.4.01.0000,685,,MSCrim,"Direito Penal Substantivo, Processo Penal",,classe,"http_400: {""object"":""error"",""status"":400,""code"":""validation_error"",""message"":""Your database schema has exceeded the maximum size."",""request_id"":""8ed8bafa-2f97-40f8-ab63-6c1f1a829fbf""}",https://www.notion.so/Sequestro-de-bens-e-discuss-o-sobre-aplica-o-flex-vel-do-prazo-do-art-131-inciso-I-do-CPP-diante-30d721955c6481279a47dd1df58e641f
30d72195-5c64-812f-87f6-ec591e2ee729,1104447-36.2023.4.01.3400,722,,ReeNecCrim,"Direito Penal Administrativo, Processo Penal",,classe,"http_400: {""object"":""error"",""status"":400,""code"":""validation_error"",""message"":""Your database schema has exceeded the maximum size."",""request_id"":""94715865-39f2-41fa-a75f-bcf989d38df1""}",https://www.notion.so/Atipicidade-de-conduta-de-servidor-p-blico-que-aufere-remunera-o-sem-prestar-servi-os-e-aus-ncia-de-30d721955c64812f87f6ec591e2ee729
30d72195-5c64-8130-98ca-e0958cfd25c9,1005654-77.2023.4.01.0000,740,,SuspApel,"Processo de Execução, Tutela de Urgência e Medidas Cautelares",,classe,"http_400: {""object"":""error"",""status"":400,""code"":""validation_error"",""message"":""Your database schema has exceeded the maximum size."",""request_id"":""78f97e67-fa58-433e-9e66-6c1be7c783ec""}",https://www.notion.so/Pedido-de-efeito-suspensivo-em-apela-o-contra-senten-a-que-extingue-processo-de-desapropria-o-para-30d721955c64813098cae0958cfd25c9
30d72195-5c64-8131-8091-fdb98cf0eb11,1036808-64.2024.4.01.3400,747,,ReeNecCrim,"Direito Administrativo, Processo Administrativo",,classe,"http_400: {""object"":""error"",""status"":400,""code"":""validation_error"",""message"":""Your database schema has exceeded the maximum size."",""request_id"":""c2f8cd50-cb64-40d5-9560-ad2f34851a1b""}",https://www.notion.so/Anula-o-de-processo-administrativo-migrat-rio-por-notifica-o-exclusivamente-eletr-nica-sem-comprov-30d721955c6481318091fdb98cf0eb11
30d72195-5c64-8133-a9cb-f84004f430a8,1039158-79.2020.4.01.0000,615,,AgRRvCr,"Direito Penal Comum, Processo Penal",,classe,"http_400: {""object"":""error"",""status"":400,""code"":""validation_error"",""message"":""Your database schema has exceeded the maximum size."",""request_id"":""4501450a-150d-4d85-ab2c-66278a1557b0""}",https://www.notion.so/Revis-o-criminal-como-medida-excepcional-para-corrigir-contradi-o-patente-ou-acolher-prova-nova-que-30d721955c648133a9cbf84004f430a8
30d72195-5c64-8136-987a-cf4bbd789539,1018238-44.2021.4.01.3300,709,,ApRemNec,"Contencioso Administrativo e Judicial Tributário, Tributação Federal",,classe,"http_400: {""object"":""error"",""status"":400,""code"":""validation_error"",""message"":""Your database schema has exceeded the maximum size."",""request_id"":""0a525c54-da5e-496b-b2e1-e8ffe88cc9fe""}",https://www.notion.so/Exclus-o-de-benef-cios-fiscais-de-ICMS-da-base-de-c-lculo-do-IRPJ-e-CSLL-versus-necessidade-de-compr-30d721955c648136987acf4bbd789539
30d72195-5c64-813c-b7f1-efc502b52253,1031215-77.2021.4.01.3200,764,,EINul,"Direito Penal Substantivo, Processo Penal",,classe,"http_400: {""object"":""error"",""status"":400,""code"":""validation_error"",""message"":""Your database schema has exceeded the maximum size."",""request_id"":""b6a31500-e003-4edb-9c77-1c3a7c292ac5""}",https://www.notion.so/Incidente-de-insanidade-mental-em-processo-penal-sobre-estupro-de-vulner-vel-e-divulga-o-de-cena-ex-30d721955c64813cb7f1efc502b52253
30d72195-5c64-813e-a911-c9d03bed9972,1010863-56.2025.4.01.0000,749,,EDHC,"Direito Penal Especial, Direito Processual Penal",,classe,"http_400: {""object"":""error"",""status"":400,""code"":""validation_error"",""message"":""Your database schema has exceeded the maximum size."",""request_id"":""ee7661a1-2af2-494d-bc87-2a57de503c6b""}",https://www.notion.so/Trancamento-excepcional-de-inqu-rito-policial-em-habeas-corpus-frente-a-controv-rsia-f-tica-ind-cio-30d721955c64813ea911c9d03bed9972
30d72195-5c64-813f-a5e8-d01011545e2c,1022830-40.2021.4.01.0000,666,,EDAI,"Direito Administrativo Financeiro, Direito Administrativo Sancionador",,classe,"http_400: {""object"":""error"",""status"":400,""code"":""validation_error"",""message"":""Your database schema has exceeded the maximum size."",""request_id"":""c71cf573-d665-424e-9de3-4377d6db1d54""}",https://www.notion.so/Servidor-p-blico-que-obt-m-vantagem-remunerat-ria-por-mandado-de-seguran-a-e-controv-rsia-sobre-in-c-30d721955c64813fa5e8d01011545e2c
30d72195-5c64-8140-9375-df8924235d30,0003465-26.2012.4.01.3300,755,,EInfNul,"Direito Tributário, Processo Penal",,classe,"http_400: {""object"":""error"",""status"":400,""code"":""validation_error"",""message"":""Your database schema has exceeded the maximum size."",""request_id"":""d208869a-8355-462a-a517-0b8c615da4ae""}",https://www.notion.so/Nulidade-e-impugna-o-de-lan-amento-tribut-rio-discutidas-em-ju-zo-penal-versus-necessidade-de-via-p-30d721955c6481409375df8924235d30
30d72195-5c64-8141-afa3-e074e9f6cf73,0041911-89.2012.4.01.3400,684,,EDReeNec,"Direito Registral e Notarial, Servidores Públicos",,classe,"http_400: {""object"":""error"",""status"":400,""code"":""validation_error"",""message"":""Your database schema has exceeded the maximum size."",""request_id"":""944c629c-90aa-42d2-8f49-445f8c722d89""}",https://www.notion.so/Natureza-jur-dica-dos-not-rios-e-registradores-como-delegat-rios-de-servi-o-p-blico-privado-e-contro-30d721955c648141afa3e074e9f6cf73
30d72195-5c64-814f-8403-f9a1bc9e0479,0064415-70.2013.4.01.0000,718,,AgInt,Honorários Advocatícios,"Honorários Advocatícios, Execução Contra a Fazenda Pública","classe, subramo_do_direito","http_400: {""object"":""error"",""status"":400,""code"":""validation_error"",""message"":""Your database schema has exceeded the maximum size."",""request_id"":""e1e6d859-0821-45d8-9497-cb806331f6fb""}",https://www.notion.so/Expedi-o-de-RPV-para-pagamento-de-honor-rios-advocat-cios-devidos-por-Minist-rio-P-blico-Federal-in-30d721955c64814f8403f9a1bc9e0479
30d72195-5c64-8152-9849-f7ec74c943d3,1006938-91.2021.4.01.0000,729,,AgIntAI,"Direito Administrativo Disciplinar, Direito Previdenciário",,classe,"http_400: {""object"":""error"",""status"":400,""code"":""validation_error"",""message"":""Your database schema has exceeded the maximum size."",""request_id"":""9f036b54-a9a9-41f3-a6a4-19a929ff3161""}",https://www.notion.so/Reconhecimento-da-inclus-o-da-parcela-op-o-prevista-na-Lei-8-911-1994-nos-proventos-de-servidor-q-30d721955c6481529849f7ec74c943d3
30d72195-5c64-8154-afb1-ca91db34e4ae,0008476-18.2012.4.01.3500,761,,REsp,"Honorários Advocatícios, Processo de Execução",,classe,"http_400: {""object"":""error"",""status"":400,""code"":""validation_error"",""message"":""Your database schema has exceeded the maximum size."",""request_id"":""741bdd93-21cb-4e85-a654-c7cd60c21e8d""}",https://www.notion.so/Possibilidade-de-fixa-o-aut-noma-de-honor-rios-advocat-cios-em-embargos-execu-o-e-na-execu-o-o-30d721955c648154afb1ca91db34e4ae
30d72195-5c64-8157-add1-ef1a46ee4a0e,1018963-68.2023.4.01.0000,662,,AgIntCr,"Direito Penal Material, Processo Penal",,classe,"http_400: {""object"":""error"",""status"":400,""code"":""validation_error"",""message"":""Your database schema has exceeded the maximum size."",""request_id"":""71e403fa-aa3b-4a30-867c-f23986d1ac19""}",https://www.notion.so/Cabimento-de-habeas-corpus-contra-atos-de-juiz-do-trabalho-diante-de-risco-iminente-de-pris-o-por-re-30d721955c648157add1ef1a46ee4a0e
30d72195-5c64-8159-af7c-f6217fb33040,1012655-50.2022.4.01.0000,630,,AG,"Direito Administrativo Sancionador, Processual Civil",,classe,"http_400: {""object"":""error"",""status"":400,""code"":""validation_error"",""message"":""Your database schema has exceeded the maximum size."",""request_id"":""e60c66df-8f0a-4677-8852-62629fe3d9aa""}",https://www.notion.so/Aplica-o-das-altera-es-da-Lei-14-230-2021-Lei-de-Improbidade-8-429-1992-e-efeitos-sobre-possib-30d721955c648159af7cf6217fb33040
30d72195-5c64-815d-b644-fa6c2449dd9b,0072821-94.2015.4.01.3400,732,,AgIntApReeNec,"Direito Previdenciário, Direito Tributário",,classe,"http_400: {""object"":""error"",""status"":400,""code"":""validation_error"",""message"":""Your database schema has exceeded the maximum size."",""request_id"":""b1809c62-cc78-431a-9bc2-4934ee3e116d""}",https://www.notion.so/Incid-ncia-de-contribui-o-previdenci-ria-sobre-sal-rio-paternidade-em-raz-o-de-sua-natureza-salaria-30d721955c64815db644fa6c2449dd9b
30d72195-5c64-815e-be77-cc059166482d,1025392-90.2019.4.01.0000,729,,AgIntAI,"Controle de Constitucionalidade, Processo de Execução",,classe,"http_400: {""object"":""error"",""status"":400,""code"":""validation_error"",""message"":""Your database schema has exceeded the maximum size."",""request_id"":""ac47b40f-5e51-4db8-9ff3-933d55d1e38e""}",https://www.notion.so/Aplica-o-do-entendimento-do-STF-sobre-efic-cia-rescis-ria-por-inconstitucionalidade-e-sua-incid-nci-30d721955c64815ebe77cc059166482d
30d72195-5c64-8160-951b-c4f4bf72a1b2,1001194-13.2020.4.01.3602,755,,EDCrim,"Direito Penal Substantivo, Direito Processual Penal",,classe,"http_400: {""object"":""error"",""status"":400,""code"":""validation_error"",""message"":""Your database schema has exceeded the maximum size."",""request_id"":""1abf9888-1eec-4b93-a9a6-c376c5a82bdc""}",https://www.notion.so/Atenuante-da-confiss-o-espont-nea-art-65-III-d-CP-aplicada-confiss-o-parcial-em-crimes-previ-30d721955c648160951bc4f4bf72a1b2
30d72195-5c64-816a-b48b-d2be033339d1,1011072-25.2025.4.01.0000,754,,AgIntCrim,"Direito Ambiental, Processo Penal",,classe,"http_400: {""object"":""error"",""status"":400,""code"":""validation_error"",""message"":""Your database schema has exceeded the maximum size."",""request_id"":""5d59de03-8402-43d2-91bf-8629080e8fb4""}",https://www.notion.so/Dep-sito-judicial-do-valor-de-madeiras-apreendidas-ante-impossibilidade-de-individualiza-o-sem-viol-30d721955c64816ab48bd2be033339d1
30d72195-5c64-816f-ac96-dd49729a45d7,0011143-31.2014.4.01.4300,758,,EDCrim,Direito Penal Administrativo,"Direito Penal Administrativo, Processo Penal","classe, subramo_do_direito","http_400: {""object"":""error"",""status"":400,""code"":""validation_error"",""message"":""Your database schema has exceeded the maximum size."",""request_id"":""bfbc4dae-b58b-4677-80d9-641084380804""}",https://www.notion.so/Gest-o-fraudulenta-de-instituto-de-previd-ncia-municipal-por-equipara-o-a-institui-o-financeira-e--30d721955c64816fac96dd49729a45d7
30d72195-5c64-8172-90f7-df60efd76123,1035933-17.2021.4.01.0000,729,,AgInt,Honorários Advocatícios,"Honorários Advocatícios, Execução","classe, subramo_do_direito","http_400: {""object"":""error"",""status"":400,""code"":""validation_error"",""message"":""Your database schema has exceeded the maximum size."",""request_id"":""e9c53f2d-5827-4752-932c-b9af5d9ce16a""}",https://www.notion.so/Execu-o-de-honor-rios-sucumbenciais-e-veda-o-penhora-de-sal-rios-discutindo-aplica-o-do-Tema-R-30d721955c64817290f7df60efd76123
30d72195-5c64-8173-ae16-e38f9219ff41,1008409-40.2024.4.01.0000,732,,AgInt,"Direito Constitucional, Direito Educacional",,classe,"http_400: {""object"":""error"",""status"":400,""code"":""validation_error"",""message"":""Your database schema has exceeded the maximum size."",""request_id"":""4b3a5944-e5d4-4841-b6fb-3e99bd14b516""}",https://www.notion.so/Validade-constitucional-de-limita-o-percentual-de-reserva-de-vagas-para-cotistas-e-legitimidade-da--30d721955c648173ae16e38f9219ff41
30d72195-5c64-8179-910d-f9e7648b54b6,1002951-32.2022.4.01.4100,672,,PetCrim,"Execução Penal, Processo Penal",,classe,"http_400: {""object"":""error"",""status"":400,""code"":""validation_error"",""message"":""Your database schema has exceeded the maximum size."",""request_id"":""2a0a8d4a-c1f8-4d3b-8b58-38fe9e82b230""}",https://www.notion.so/Inadmissibilidade-de-agravo-em-execu-o-para-requisi-o-de-informa-es-a-rg-os-externos-e-validade--30d721955c648179910df9e7648b54b6
30d72195-5c64-817b-b5ec-f855527d4630,1014937-90.2024.4.01.0000,736,,AgInt,"Direito Administrativo Contratual, Direito Regulatório",,classe,"http_400: {""object"":""error"",""status"":400,""code"":""validation_error"",""message"":""Your database schema has exceeded the maximum size."",""request_id"":""0a92db23-04e0-486c-b9ab-28e53e54015c""}",https://www.notion.so/Validade-da-proibi-o-da-cobran-a-de-tarifa-Export-Logistic-Free-sem-vincula-o-a-servi-o-portu-rio--30d721955c64817bb5ecf855527d4630
30d72195-5c64-8183-a663-d1d227281fae,1011422-47.2024.4.01.0000,735,,MSCrim,"Direito Penal Comum, Processo Penal",,classe,"http_400: {""object"":""error"",""status"":400,""code"":""validation_error"",""message"":""Your database schema has exceeded the maximum size."",""request_id"":""6640d719-2275-475b-8da1-d5f437bbf021""}",https://www.notion.so/Aplica-o-do-Marco-Civil-da-Internet-para-autoriza-o-judicial-de-quebra-de-sigilo-telem-tico-e-exig-30d721955c648183a663d1d227281fae
30d72195-5c64-8183-b103-e22d1c4cb90e,1025050-40.2023.4.01.0000,685,,AgInt,"Processo Civil, Seguridade Social",,classe,"http_400: {""object"":""error"",""status"":400,""code"":""validation_error"",""message"":""Your database schema has exceeded the maximum size."",""request_id"":""a6ce4881-dec4-4e2b-bf03-feda4d14f354""}",https://www.notion.so/Tutela-recursal-em-complementa-o-de-benef-cio-previdenci-rio-de-ex-ferrovi-rio-com-aplica-o-das-AD-30d721955c648183b103e22d1c4cb90e
30d72195-5c64-819a-9f11-eaf04e00c2ff,1003259-44.2025.4.01.0000,755,,EDCiv,"Direito Processual Civil, Direito Público",,classe,"http_400: {""object"":""error"",""status"":400,""code"":""validation_error"",""message"":""Your database schema has exceeded the maximum size."",""request_id"":""cb13e85c-993d-4001-91f2-54e2f52e57ef""}",https://www.notion.so/Admissibilidade-do-Estado-de-S-o-Paulo-como-assistente-simples-em-a-o-envolvendo-interesses-jur-dic-30d721955c64819a9f11eaf04e00c2ff
30d72195-5c64-819c-a9e7-d81470354e4c,1020838-10.2022.4.01.0000,735,,MSCrim,"Direito Penal Empresarial, Processo Penal",,classe,"http_400: {""object"":""error"",""status"":400,""code"":""validation_error"",""message"":""Your database schema has exceeded the maximum size."",""request_id"":""8709b93c-3354-402d-859a-6354c795b287""}",https://www.notion.so/Efeito-do-saneamento-societ-rio-pela-retirada-de-s-cio-investigado-sobre-afastamento-de-medida-caute-30d721955c64819ca9e7d81470354e4c
30d72195-5c64-819d-8cd7-e1a751eda077,1033865-89.2024.4.01.0000,751,,ETCrim,"Direito Penal Comum, Processo Penal",,classe,"http_400: {""object"":""error"",""status"":400,""code"":""validation_error"",""message"":""Your database schema has exceeded the maximum size."",""request_id"":""f26dd129-9a69-41f1-a828-8b37cf156b73""}",https://www.notion.so/Compet-ncia-para-incidentes-de-restitui-o-e-embargos-de-terceiro-envolvendo-aeronave-sujeita-a-alie-30d721955c64819d8cd7e1a751eda077
30d72195-5c64-819d-a458-cbb8cc17bc2a,1032337-54.2023.4.01.0000,759,,EDCiv,Processo Civil,"Processo de Execução, Execução Fiscal e de Sentença","classe, subramo_do_direito","http_400: {""object"":""error"",""status"":400,""code"":""validation_error"",""message"":""Your database schema has exceeded the maximum size."",""request_id"":""1bc977a7-5997-43da-9443-efbfed331d79""}",https://www.notion.so/Homologa-o-de-c-lculos-pela-contadoria-em-valor-superior-ao-da-exequente-e-controv-rsia-sobre-confi-30d721955c64819da458cbb8cc17bc2a
30d72195-5c64-81a0-ab6a-da90aa24a39e,0025013-06.2018.4.01.0000,680,,PICMP,"Direito Constitucional, Processo Penal",,classe,"http_400: {""object"":""error"",""status"":400,""code"":""validation_error"",""message"":""Your database schema has exceeded the maximum size."",""request_id"":""be325d47-ea5b-4bc4-8065-28fc5f0d24f8""}",https://www.notion.so/Compet-ncia-por-prerrogativa-de-fun-o-do-prefeito-e-controv-rsia-sobre-prorroga-o-quando-den-ncia--30d721955c6481a0ab6ada90aa24a39e
30d72195-5c64-81a3-ac6f-ce4e10bd32bf,1041211-91.2024.4.01.0000,734,,AgRegHC,"Execução Penal, Processo Penal",,classe,"http_400: {""object"":""error"",""status"":400,""code"":""validation_error"",""message"":""Your database schema has exceeded the maximum size."",""request_id"":""b04381cb-3774-4be0-a11c-66691b0385ab""}",https://www.notion.so/Superveni-ncia-de-senten-a-penal-condenat-ria-como-novo-t-tulo-judicial-e-preju-zo-do-habeas-corpus--30d721955c6481a3ac6fce4e10bd32bf
30d72195-5c64-81a7-a4f2-fc54f90ee447,1012229-37.2019.4.01.3300,696,,ReeNecCrim,"Direito Migratório, Direitos Humanos",,classe,"http_400: {""object"":""error"",""status"":400,""code"":""validation_error"",""message"":""Your database schema has exceeded the maximum size."",""request_id"":""826c67d6-e137-4abc-aeb8-16c911b96509""}",https://www.notion.so/Expuls-o-administrativa-de-estrangeiro-condenado-e-limites-do-controle-judicial-sobre-legalidade-for-30d721955c6481a7a4f2fc54f90ee447
30d72195-5c64-81a8-8422-c3ac32380ee7,0053803-53.2016.4.01.3400,723,,AgIntREsp,"Direito Militar, Servidor Público",,classe,"http_400: {""object"":""error"",""status"":400,""code"":""validation_error"",""message"":""Your database schema has exceeded the maximum size."",""request_id"":""b615e5b3-c375-4059-902a-b5b2ad2e1bf8""}",https://www.notion.so/Aplica-o-aos-militares-da-prescri-o-quinquenal-para-convers-o-em-pec-nia-de-licen-a-pr-mio-com-te-30d721955c6481a88422c3ac32380ee7
30d72195-5c64-81aa-81cb-cd13f59653ac,1003490-95.2022.4.01.4100,660,,AgExPenal,"Direito Processual Penal, Execução Penal",,classe,"http_400: {""object"":""error"",""status"":400,""code"":""validation_error"",""message"":""Your database schema has exceeded the maximum size."",""request_id"":""66d842a5-2c66-4272-bfdc-b53eb86c4472""}",https://www.notion.so/Dispensabilidade-da-audi-ncia-de-justifica-o-perante-o-ju-zo-de-execu-o-quando-o-procedimento-admi-30d721955c6481aa81cbcd13f59653ac
30d72195-5c64-81aa-aaab-c8b80ae35a59,1014616-45.2022.4.01.4100,660,,AgExPenal,"Direito Penitenciário, Direito Processual Penal",,classe,"http_400: {""object"":""error"",""status"":400,""code"":""validation_error"",""message"":""Your database schema has exceeded the maximum size."",""request_id"":""55304092-3dbe-41ba-8041-3dd5b358f180""}",https://www.notion.so/Compet-ncia-para-revisar-renova-o-de-prazo-de-perman-ncia-de-preso-transferido-e-exig-ncia-de-decla-30d721955c6481aaaaabc8b80ae35a59
30d72195-5c64-81ae-ae62-f1c8fcf79332,1018375-95.2022.4.01.0000,736,,AgInt,"Direito Administrativo, Processo Civil",,classe,"http_400: {""object"":""error"",""status"":400,""code"":""validation_error"",""message"":""Your database schema has exceeded the maximum size."",""request_id"":""c7214941-1f6c-46ad-baba-8c67362d2424""}",https://www.notion.so/A-o-possess-ria-sobre-terreno-de-marinha-e-controv-rsia-acerca-da-efic-cia-da-revoga-o-administrat-30d721955c6481aeae62f1c8fcf79332
30d72195-5c64-81b1-b5b4-cad8ff4a02b7,1023102-87.2019.4.01.3400,720,,AgInt,"Direito Administrativo Disciplinar, Direito Previdenciário",,classe,"http_400: {""object"":""error"",""status"":400,""code"":""validation_error"",""message"":""Your database schema has exceeded the maximum size."",""request_id"":""08029961-891c-4b1e-9fd2-87730ea24d06""}",https://www.notion.so/Aplica-o-da-paridade-prevista-na-Lei-6-903-1981-para-ju-zes-classistas-tempor-rios-aposentados-e-ex-30d721955c6481b1b5b4cad8ff4a02b7
30d72195-5c64-81b7-9b2f-dca5f1104fd7,1003632-96.2022.4.01.4101,685,,PetCrim,"Direito Penal Internacional, Direito Processual Penal",,classe,"http_400: {""object"":""error"",""status"":400,""code"":""validation_error"",""message"":""Your database schema has exceeded the maximum size."",""request_id"":""4027089f-e6cc-4e1c-96d9-e631e7a6e0e5""}",https://www.notion.so/Compet-ncia-para-execu-o-de-pena-estrangeira-conflito-entre-ju-zo-federal-respons-vel-pela-transfe-30d721955c6481b79b2fdca5f1104fd7
30d72195-5c64-81b8-ba3b-cdc2897c7067,1019449-52.2020.4.01.3300,699,,AgInt,"Direito Administrativo, Direito Constitucional",,classe,"http_400: {""object"":""error"",""status"":400,""code"":""validation_error"",""message"":""Your database schema has exceeded the maximum size."",""request_id"":""2adace02-f622-408e-8521-cc71209f6a3d""}",https://www.notion.so/Legitimidade-exclusiva-do-Banco-do-Brasil-para-figurar-no-polo-passivo-de-demandas-sobre-recomposi--30d721955c6481b8ba3bcdc2897c7067
30d72195-5c64-81ba-8ab8-f764a69a40e3,1032288-18.2020.4.01.0000,754,,ETciv,"Direito Processual Civil, Direito de Família",,classe,"http_400: {""object"":""error"",""status"":400,""code"":""validation_error"",""message"":""Your database schema has exceeded the maximum size."",""request_id"":""1cbab157-dd69-43ec-9dba-e418c51c66d8""}",https://www.notion.so/Copropriedade-decorrente-de-partilha-em-div-rcio-e-direito-preserva-o-proporcional-da-mea-o-dian-30d721955c6481ba8ab8f764a69a40e3
30d72195-5c64-81bd-af38-d4aca39ce2db,0048974-10.2017.4.01.0000,702,,AgInt,"Execução, Processo de Conhecimento",,classe,"http_400: {""object"":""error"",""status"":400,""code"":""validation_error"",""message"":""Your database schema has exceeded the maximum size."",""request_id"":""702528e9-8b7b-4a71-abeb-67e72a6c4996""}",https://www.notion.so/Revis-o-de-astreintes-e-controv-rsia-sobre-preclus-o-pro-judicato-que-impede-nova-altera-o-de-valor-30d721955c6481bdaf38d4aca39ce2db
30d72195-5c64-81c9-b5a9-ec59c4856bd4,1042957-96.2021.4.01.0000,737,,AgIntAI,"Processo Civil, Processo Tributário",,classe,"http_400: {""object"":""error"",""status"":400,""code"":""validation_error"",""message"":""Your database schema has exceeded the maximum size."",""request_id"":""c8730f0c-8fcc-4d88-8466-8c59f16d1490""}",https://www.notion.so/Compet-ncia-do-ju-zo-da-execu-o-fiscal-para-determinar-penhora-no-rosto-dos-autos-em-processo-falim-30d721955c6481c9b5a9ec59c4856bd4
30d72195-5c64-81cf-8054-ed4999d8d045,1042883-37.2024.4.01.0000,741,,AgIntMS,"Direito Administrativo Contratual, Direito Administrativo Sancionador",,classe,"http_400: {""object"":""error"",""status"":400,""code"":""validation_error"",""message"":""Your database schema has exceeded the maximum size."",""request_id"":""5cd93a6f-c82b-45c5-80fa-74242d378dd8""}",https://www.notion.so/Pedido-de-tutela-cautelar-para-corre-o-provis-ria-de-provas-por-servidores-do-n-cleo-de-Corte-Espec-30d721955c6481cf8054ed4999d8d045
30d72195-5c64-81cf-8dc0-c8328eb8633d,1030489-95.2024.4.01.0000,732,,AgInt,"Direito Educacional, Processo Administrativo",,classe,"http_400: {""object"":""error"",""status"":400,""code"":""validation_error"",""message"":""Your database schema has exceeded the maximum size."",""request_id"":""4fdda26c-68da-41cc-9fb5-3da7f3f64ee0""}",https://www.notion.so/Suspens-o-de-liminar-que-determinou-bloqueio-parcial-de-repasses-do-Fundeb-e-exig-ncia-de-contracaut-30d721955c6481cf8dc0c8328eb8633d
30d72195-5c64-81d5-a03a-f10f148ec616,1029042-72.2024.4.01.0000,717,,PetCrim,"Execução Penal, Processo Penal",,classe,"http_400: {""object"":""error"",""status"":400,""code"":""validation_error"",""message"":""Your database schema has exceeded the maximum size."",""request_id"":""975e12fe-27eb-4021-865f-f2bd8d6776be""}",https://www.notion.so/Pedido-de-atribui-o-de-efeito-suspensivo-e-expedi-o-de-guia-de-execu-o-provis-ria-diante-de-forag-30d721955c6481d5a03af10f148ec616
30d72195-5c64-81d6-856f-f6ab9f3053d1,1043751-15.2024.4.01.0000,735,,MSCrim,"Direito Penal Comum, Processo Penal",,classe,"http_400: {""object"":""error"",""status"":400,""code"":""validation_error"",""message"":""Your database schema has exceeded the maximum size."",""request_id"":""2c26c339-c3df-4780-9de5-fe3f5ed97947""}",https://www.notion.so/Habilita-o-da-v-tima-como-assistente-da-acusa-o-e-preserva-o-de-representa-o-processual-regular--30d721955c6481d6856ff6ab9f3053d1
30d72195-5c64-81d6-b0d8-ec55f077df2a,0004252-41.2015.4.01.3303,754,,EIfNu,Processo Penal,"Processo Penal, Direito Processual Penal","classe, subramo_do_direito","http_400: {""object"":""error"",""status"":400,""code"":""validation_error"",""message"":""Your database schema has exceeded the maximum size."",""request_id"":""038909aa-d2ed-4e30-8bce-f7d25ed41aa6""}",https://www.notion.so/Embargos-infringentes-admissibilidade-diante-de-julgamento-un-nime-e-controv-rsia-sobre-se-ressalva-30d721955c6481d6b0d8ec55f077df2a
30d72195-5c64-81d7-87fb-f49c11c2eb0e,0014354-93.1999.4.01.3300,760,,EInfNu,"Direito Constitucional Administrativo, Serviços Públicos",,classe,"http_400: {""object"":""error"",""status"":400,""code"":""validation_error"",""message"":""Your database schema has exceeded the maximum size."",""request_id"":""5bfbe948-2d8e-4d48-a01a-622b3b803708""}",https://www.notion.so/Caracteriza-o-de-necessidade-permanente-por-contrata-es-tempor-rias-reiteradas-e-compet-ncia-judic-30d721955c6481d787fbf49c11c2eb0e
30d72195-5c64-81d8-bf87-f7efcdda6dfc,1003381-23.2018.4.01.4100,619,,AgExPenal,"Execução Penal, Processo Penal",,classe,"http_400: {""object"":""error"",""status"":400,""code"":""validation_error"",""message"":""Your database schema has exceeded the maximum size."",""request_id"":""cdbfce1f-2426-411d-b353-edde03d6be2b""}",https://www.notion.so/Aplica-o-excepcional-do-Regime-Disciplinar-Diferenciado-somente-para-faltas-graves-com-periculosida-30d721955c6481d8bf87f7efcdda6dfc
30d72195-5c64-81de-880b-cb28d1c5569c,1008432-95.2020.4.01.3307,709,,ApRemNec,"Direito Administrativo Sancionador, Direito Tributário",,classe,"http_400: {""object"":""error"",""status"":400,""code"":""validation_error"",""message"":""Your database schema has exceeded the maximum size."",""request_id"":""6578a792-2800-40be-91e4-0e855bdbf1b9""}",https://www.notion.so/Revoga-o-do-teto-de-vinte-sal-rios-m-nimos-para-contribui-es-parafiscais-destinadas-a-Sesi-Senai--30d721955c6481de880bcb28d1c5569c
30d72195-5c64-81df-8637-d3aaf33bd15b,0003543-44.2018.4.01.4000,756,,EInfNul,Processo Penal,"Processo Penal, Direito Penal Comum","classe, subramo_do_direito","http_400: {""object"":""error"",""status"":400,""code"":""validation_error"",""message"":""Your database schema has exceeded the maximum size."",""request_id"":""0dc6eded-c93b-4c8a-9783-a3986b06eca3""}",https://www.notion.so/Reconhecimento-fotogr-fico-policial-realizado-sem-observ-ncia-do-art-226-do-CPP-e-invalida-o-da-pr-30d721955c6481df8637d3aaf33bd15b
30d72195-5c64-81e1-b12b-dd3764d0e29a,0002431-83.2012.4.01.3601,767,,EIfNu,"Direito Penal Tributário, Processo Penal",,classe,"http_400: {""object"":""error"",""status"":400,""code"":""validation_error"",""message"":""Your database schema has exceeded the maximum size."",""request_id"":""2cdd2a7f-75e0-40fe-a25b-d115154ce05f""}",https://www.notion.so/Crime-de-descaminho-incid-ncia-do-princ-pio-da-insignific-ncia-frente-reitera-o-delitiva-e-prova-30d721955c6481e1b12bdd3764d0e29a
30d72195-5c64-81e7-8dc1-fd8b2c088849,1033864-12.2021.4.01.0000,629,,RvCr,"Direito Processual Penal, Execução Penal",,classe,"http_400: {""object"":""error"",""status"":400,""code"":""validation_error"",""message"":""Your database schema has exceeded the maximum size."",""request_id"":""c62e7cf6-c957-462a-bbf7-9da051650e51""}",https://www.notion.so/Revis-o-criminal-sobre-bis-in-idem-na-dosimetria-por-valora-o-simult-nea-da-natureza-e-da-quantidad-30d721955c6481e78dc1fd8b2c088849
30d72195-5c64-81f0-b62e-c8f122e05a1d,1017590-75.2018.4.01.0000,660,,EDAR,"Benefícios Previdenciários, Processo Civil",,classe,"http_400: {""object"":""error"",""status"":400,""code"":""validation_error"",""message"":""Your database schema has exceeded the maximum size."",""request_id"":""89748804-08bd-4060-b157-ecf631fbeed9""}",https://www.notion.so/Reconhecimento-de-depend-ncia-e-qualidade-de-segurado-para-pens-o-por-morte-decorrente-de-uni-o-est--30d721955c6481f0b62ec8f122e05a1d
30d72195-5c64-81fd-9eb4-daa6d49e845d,1023103-14.2024.4.01.0000,729,,EDHC,Processo Penal,"Processo Penal, Direito Penal Comum","classe, subramo_do_direito","http_400: {""object"":""error"",""status"":400,""code"":""validation_error"",""message"":""Your database schema has exceeded the maximum size."",""request_id"":""89a265c1-8647-4a9b-a451-b425220c37c0""}",https://www.notion.so/Admissibilidade-de-provas-obtidas-por-coopera-o-direta-entre-autoridades-policiais-e-controv-rsia-s-30d721955c6481fd9eb4daa6d49e845d
30d72195-5c64-81fe-962d-c12b9f84eda9,1030180-79.2021.4.01.0000,699,,MSCrim,"Direito Administrativo Disciplinar, Processo Penal",,classe,"http_400: {""object"":""error"",""status"":400,""code"":""validation_error"",""message"":""Your database schema has exceeded the maximum size."",""request_id"":""1027e239-c603-4df9-822e-a966df717ec1""}",https://www.notion.so/Ilegitimidade-ativa-ad-causam-da-Seccional-da-OAB-para-impetrar-mandado-de-seguran-a-contra-suspens--30d721955c6481fe962dc12b9f84eda9
30d72195-5c64-81ff-b829-f43ca5dbfca3,1001511-50.2020.4.01.0000,659,,EDHC,"Direito Penal, Processo Penal",,classe,"http_400: {""object"":""error"",""status"":400,""code"":""validation_error"",""message"":""Your database schema has exceeded the maximum size."",""request_id"":""ced4a86f-20b3-42fb-ba5b-5d0a79d3c060""}",https://www.notion.so/Aus-ncia-de-intima-o-da-defesa-para-sustenta-o-oral-em-habeas-corpus-e-controv-rsia-sobre-nulidade-30d721955c6481ffb829f43ca5dbfca3
